OBJECTID,TCITY15CD,TCITY15NM,BNG_E,BNG_N,LONG,LAT,Shape__Are,Shape__Len,geo_code,geo_label,geo_labelw,label,name,overlap_area
"1",J01000001,Barnsley,"436375","407875",-1.452250000000000,53.566249999999997,25682473.450256299227476,115099.859999992011581,E08000036,Wakefield,,E92000001E08000036,Wakefield,11455.393
"1",J01000001,Barnsley,"436375","407875",-1.452250000000000,53.566249999999997,25682473.450256299227476,115099.859999992011581,E08000016,Barnsley,,E92000001E08000016,Barnsley,25690751.437
"2",J01000002,Basildon,"572525","189350",0.488409000000000,51.576610000000002,25514991.750076301395893,119299.838000035000732,E07000066,Basildon,,E92000001E07000066,Basildon,25517038.513
"3",J01000003,Basingstoke,"463725","152600",-1.087930000000000,51.268990000000002,29185023.749679598957300,93900.388002550796955,E07000084,Basingstoke and Deane,,E92000001E07000084,Basingstoke and Deane,29205454.638
"4",J01000004,Bath,"374800","164325",-2.363450000000000,51.377409999999998,24237498.000144995748997,92099.940000008791685,E06000022,Bath and North East Somerset,,E92000001E06000022,Bath and North East Somerset,24256457.434
"5",J01000005,Bedford,"505925","250450",-0.453520000000000,52.142200000000003,20167488.600235000252724,71300.186000013694866,E06000055,Bedford,,E92000001E06000055,Bedford,20178036.922
"6",J01000006,Birkenhead,"330350","388175",-3.048650000000000,53.385820000000002,21215007.484405498951674,48299.980203765902843,E08000015,Wirral,,E92000001E08000015,Wirral,21229433.617
"7",J01000007,Birmingham,"408850","286925",-1.871110000000000,52.480190000000000,229134913.131866008043289,271100.218099977995735,E07000218,North Warwickshire,,E92000001E07000218,North Warwickshire,3389.115
"7",J01000007,Birmingham,"408850","286925",-1.871110000000000,52.480190000000000,229134913.131866008043289,271100.218099977995735,E07000234,Bromsgrove,,E92000001E07000234,Bromsgrove,4659434.336
"7",J01000007,Birmingham,"408850","286925",-1.871110000000000,52.480190000000000,229134913.131866008043289,271100.218099977995735,E08000030,Walsall,,E92000001E08000030,Walsall,1497108.985
"7",J01000007,Birmingham,"408850","286925",-1.871110000000000,52.480190000000000,229134913.131866008043289,271100.218099977995735,E08000028,Sandwell,,E92000001E08000028,Sandwell,4613157.826
"7",J01000007,Birmingham,"408850","286925",-1.871110000000000,52.480190000000000,229134913.131866008043289,271100.218099977995735,E08000027,Dudley,,E92000001E08000027,Dudley,83092.551
"7",J01000007,Birmingham,"408850","286925",-1.871110000000000,52.480190000000000,229134913.131866008043289,271100.218099977995735,E08000029,Solihull,,E92000001E08000029,Solihull,17000056.557
"7",J01000007,Birmingham,"408850","286925",-1.871110000000000,52.480190000000000,229134913.131866008043289,271100.218099977995735,E08000025,Birmingham,,E92000001E08000025,Birmingham,201460997.212
"8",J01000008,Blackburn,"367900","427350",-2.488160000000000,53.741549999999997,29269995.499847400933504,85800.012002003917587,E07000120,Hyndburn,,E92000001E07000120,Hyndburn,677005.702
"8",J01000008,Blackburn,"367900","427350",-2.488160000000000,53.741549999999997,29269995.499847400933504,85800.012002003917587,E06000008,Blackburn with Darwen,,E92000001E06000008,Blackburn with Darwen,26980335.617
"8",J01000008,Blackburn,"367900","427350",-2.488160000000000,53.741549999999997,29269995.499847400933504,85800.012002003917587,E07000124,Ribble Valley,,E92000001E07000124,Ribble Valley,1611518.474
"8",J01000008,Blackburn,"367900","427350",-2.488160000000000,53.741549999999997,29269995.499847400933504,85800.012002003917587,E07000118,Chorley,,E92000001E07000118,Chorley,23769.729
"9",J01000009,Blackpool,"332725","433075",-3.022640000000000,53.789630000000002,34469988.850067101418972,82999.961999999402906,E07000119,Fylde,,E92000001E07000119,Fylde,3453376.959
"9",J01000009,Blackpool,"332725","433075",-3.022640000000000,53.789630000000002,34469988.850067101418972,82999.961999999402906,E07000128,Wyre,,E92000001E07000128,Wyre,1145872.162
"9",J01000009,Blackpool,"332725","433075",-3.022640000000000,53.789630000000002,34469988.850067101418972,82999.961999999402906,E06000009,Blackpool,,E92000001E06000009,Blackpool,29894358.489
"10",J01000010,Bolton,"372325","411150",-2.419620000000000,53.596200000000003,37839995.660278305411339,107900.197800020003342,E06000008,Blackburn with Darwen,,E92000001E06000008,Blackburn with Darwen,5677.337
"10",J01000010,Bolton,"372325","411150",-2.419620000000000,53.596200000000003,37839995.660278305411339,107900.197800020003342,E08000002,Bury,,E92000001E08000002,Bury,156296.123
"10",J01000010,Bolton,"372325","411150",-2.419620000000000,53.596200000000003,37839995.660278305411339,107900.197800020003342,E08000001,Bolton,,E92000001E08000001,Bolton,37707459.604
"11",J01000011,Bournemouth,"410425","93650",-1.853600000000000,50.742350000000002,40257490.449676498770714,64400.049999974697130,E07000048,Christchurch,,E92000001E07000048,Christchurch,10933.782
"11",J01000011,Bournemouth,"410425","93650",-1.853600000000000,50.742350000000002,40257490.449676498770714,64400.049999974697130,E06000029,Poole,,E92000001E06000029,Poole,1052298.657
"11",J01000011,Bournemouth,"410425","93650",-1.853600000000000,50.742350000000002,40257490.449676498770714,64400.049999974697130,E06000028,Bournemouth,,E92000001E06000028,Bournemouth,39211379.440
"11",J01000011,Bournemouth,"410425","93650",-1.853600000000000,50.742350000000002,40257490.449676498770714,64400.049999974697130,E07000049,East Dorset,,E92000001E07000049,East Dorset,8755.082
"12",J01000012,Bracknell,"486825","168500",-0.753020000000000,51.408880000000003,20579992.809997599571943,74400.027200005904888,E06000036,Bracknell Forest,,E92000001E06000036,Bracknell Forest,20588791.447
"12",J01000012,Bracknell,"486825","168500",-0.753020000000000,51.408880000000003,20579992.809997599571943,74400.027200005904888,E06000041,Wokingham,,E92000001E06000041,Wokingham,3792.268
"13",J01000013,Bradford,"415525","431875",-1.765870000000000,53.782980000000002,70002524.285278305411339,188999.530808006995358,E08000034,Kirklees,,E92000001E08000034,Kirklees,3014002.372
"13",J01000013,Bradford,"415525","431875",-1.765870000000000,53.782980000000002,70002524.285278305411339,188999.530808006995358,E08000032,Bradford,,E92000001E08000032,Bradford,64819333.411
"13",J01000013,Bradford,"415525","431875",-1.765870000000000,53.782980000000002,70002524.285278305411339,188999.530808006995358,E08000033,Calderdale,,E92000001E08000033,Calderdale,220208.419
"13",J01000013,Bradford,"415525","431875",-1.765870000000000,53.782980000000002,70002524.285278305411339,188999.530808006995358,E08000035,Leeds,,E92000001E08000035,Leeds,2004386.325
"14",J01000014,Brighton and Hove,"530350","106225",-0.150010000000000,50.840870000000002,31525045.650543201714754,75700.091999992699130,E06000043,Brighton and Hove,,E92000001E06000043,Brighton and Hove,31501975.215
"15",J01000015,Bristol,"362050","173400",-2.547600000000000,51.458289999999998,112459984.848835006356239,232400.114004006987670,E06000024,North Somerset,,E92000001E06000024,North Somerset,124817.098
"15",J01000015,Bristol,"362050","173400",-2.547600000000000,51.458289999999998,112459984.848835006356239,232400.114004006987670,E06000023,"Bristol, City of",,E92000001E06000023,"Bristol, City of",86840079.696
"15",J01000015,Bristol,"362050","173400",-2.547600000000000,51.458289999999998,112459984.848835006356239,232400.114004006987670,E06000025,South Gloucestershire,,E92000001E06000025,South Gloucestershire,24842775.122
"15",J01000015,Bristol,"362050","173400",-2.547600000000000,51.458289999999998,112459984.848835006356239,232400.114004006987670,E06000022,Bath and North East Somerset,,E92000001E06000022,Bath and North East Somerset,737664.235
"16",J01000016,Burnley,"381825","433125",-2.277380000000000,53.794119999999999,18940000.799896199256182,73300.095999999000924,E07000117,Burnley,,E92000001E07000117,Burnley,18868070.569
"16",J01000016,Burnley,"381825","433125",-2.277380000000000,53.794119999999999,18940000.799896199256182,73300.095999999000924,E07000124,Ribble Valley,,E92000001E07000124,Ribble Valley,3996.048
"16",J01000016,Burnley,"381825","433125",-2.277380000000000,53.794119999999999,18940000.799896199256182,73300.095999999000924,E07000122,Pendle,,E92000001E07000122,Pendle,82916.136
"17",J01000017,Burton upon Trent,"423450","322125",-1.653650000000000,52.796199999999999,20537479.700927700847387,96000.296000037313206,E07000193,East Staffordshire,,E92000001E07000193,East Staffordshire,19746503.074
"17",J01000017,Burton upon Trent,"423450","322125",-1.653650000000000,52.796199999999999,20537479.700927700847387,96000.296000037313206,E07000039,South Derbyshire,,E92000001E07000039,South Derbyshire,807055.794
"18",J01000018,Bury,"380325","410150",-2.298680000000000,53.587569999999999,22227472.849670398980379,99200.123999998002546,E08000002,Bury,,E92000001E08000002,Bury,21994588.426
"18",J01000018,Bury,"380325","410150",-2.298680000000000,53.587569999999999,22227472.849670398980379,99200.123999998002546,E08000005,Rochdale,,E92000001E08000005,Rochdale,250398.229
"19",J01000019,Cambridge,"546350","258525",0.140303000000000,52.205530000000003,37624981.299697898328304,126299.985999990007258,E07000012,South Cambridgeshire,,E92000001E07000012,South Cambridgeshire,8971410.350
"19",J01000019,Cambridge,"546350","258525",0.140303000000000,52.205530000000003,37624981.299697898328304,126299.985999990007258,E07000008,Cambridge,,E92000001E07000008,Cambridge,28663746.799
"20",J01000020,Cardiff,"316675","180875",-3.202350000000000,51.520620000000001,71380142.749656707048416,204900.196009739040164,W06000022,Newport,Casnewydd,W92000004W06000022,Newport,2806.000
"20",J01000020,Cardiff,"316675","180875",-3.202350000000000,51.520620000000001,71380142.749656707048416,204900.196009739040164,W06000015,Cardiff,Caerdydd,W92000004W06000015,Cardiff,71021073.567
"20",J01000020,Cardiff,"316675","180875",-3.202350000000000,51.520620000000001,71380142.749656707048416,204900.196009739040164,W06000014,The Vale of Glamorgan,Bro Morgannwg,W92000004W06000014,The Vale of Glamorgan,401374.966
"21",J01000021,Carlisle,"338800","554750",-2.955480000000000,54.883740000000003,18917473.249755900353193,89299.986000010700081,E07000028,Carlisle,,E92000001E07000028,Carlisle,18930891.831
"22",J01000022,Chatham,"576100","164875",0.527765000000000,51.355649999999997,15950001.550140399485826,40199.914000012002361,E06000035,Medway,,E92000001E06000035,Medway,13308512.522
"22",J01000022,Chatham,"576100","164875",0.527765000000000,51.355649999999997,15950001.550140399485826,40199.914000012002361,E07000115,Tonbridge and Malling,,E92000001E07000115,Tonbridge and Malling,1522744.265
"22",J01000022,Chatham,"576100","164875",0.527765000000000,51.355649999999997,15950001.550140399485826,40199.914000012002361,E07000110,Maidstone,,E92000001E07000110,Maidstone,1119307.156
"23",J01000023,Chelmsford,"571625","207025",0.484100000000000,51.735660000000003,25707490.299789395183325,91000.025999985606177,E07000070,Chelmsford,,E92000001E07000070,Chelmsford,25709479.554
"24",J01000024,Cheltenham,"393875","221800",-2.090400000000000,51.894720000000000,28867511.099632300436497,70800.112003014699440,E07000083,Tewkesbury,,E92000001E07000083,Tewkesbury,624122.504
"24",J01000024,Cheltenham,"393875","221800",-2.090400000000000,51.894720000000000,28867511.099632300436497,70800.112003014699440,E07000078,Cheltenham,,E92000001E07000078,Cheltenham,28266397.939
"25",J01000025,Chester,"340350","367350",-2.894400000000000,53.199880000000000,23617479.049255400896072,82900.062000023201108,W06000005,Flintshire,Sir y Fflint,W92000004W06000005,Flintshire,1539534.691
"25",J01000025,Chester,"340350","367350",-2.894400000000000,53.199880000000000,23617479.049255400896072,82900.062000023201108,E06000050,Cheshire West and Chester,,E92000001E06000050,Cheshire West and Chester,22094724.128
"26",J01000026,Chesterfield,"437550","371700",-1.438800000000000,53.241019999999999,26292473.599273700267076,115100.092000007993192,E07000034,Chesterfield,,E92000001E07000034,Chesterfield,25060504.739
"26",J01000026,Chesterfield,"437550","371700",-1.438800000000000,53.241019999999999,26292473.599273700267076,115100.092000007993192,E07000038,North East Derbyshire,,E92000001E07000038,North East Derbyshire,1252016.089
"27",J01000027,Colchester,"600850","225200",0.917322000000000,51.889159999999997,31517530.450134299695492,114800.206001238999306,E07000071,Colchester,,E92000001E07000071,Colchester,31376022.630
"27",J01000027,Colchester,"600850","225200",0.917322000000000,51.889159999999997,31517530.450134299695492,114800.206001238999306,E07000076,Tendring,,E92000001E07000076,Tendring,135924.281
"28",J01000028,Coventry,"432700","279725",-1.520650000000000,52.414560000000002,73577424.499557495117188,238100.007999972003745,E07000219,Nuneaton and Bedworth,,E92000001E07000219,Nuneaton and Bedworth,1807771.900
"28",J01000028,Coventry,"432700","279725",-1.520650000000000,52.414560000000002,73577424.499557495117188,238100.007999972003745,E07000218,North Warwickshire,,E92000001E07000218,North Warwickshire,1921.940
"28",J01000028,Coventry,"432700","279725",-1.520650000000000,52.414560000000002,73577424.499557495117188,238100.007999972003745,E07000220,Rugby,,E92000001E07000220,Rugby,123776.078
"28",J01000028,Coventry,"432700","279725",-1.520650000000000,52.414560000000002,73577424.499557495117188,238100.007999972003745,E07000222,Warwick,,E92000001E07000222,Warwick,3209398.795
"28",J01000028,Coventry,"432700","279725",-1.520650000000000,52.414560000000002,73577424.499557495117188,238100.007999972003745,E08000026,Coventry,,E92000001E08000026,Coventry,68459834.009
"28",J01000028,Coventry,"432700","279725",-1.520650000000000,52.414560000000002,73577424.499557495117188,238100.007999972003745,E08000029,Solihull,,E92000001E08000029,Solihull,31403.627
"29",J01000029,Crawley,"527425","136250",-0.181020000000000,51.111379999999997,24370008.849464401602745,66900.032001918792957,E07000226,Crawley,,E92000001E07000226,Crawley,23724866.957
"29",J01000029,Crawley,"527425","136250",-0.181020000000000,51.111379999999997,24370008.849464401602745,66900.032001918792957,E07000227,Horsham,,E92000001E07000227,Horsham,228585.868
"29",J01000029,Crawley,"527425","136250",-0.181020000000000,51.111379999999997,24370008.849464401602745,66900.032001918792957,E07000228,Mid Sussex,,E92000001E07000228,Mid Sussex,426308.728
"30",J01000030,Darlington,"428525","515675",-1.560680000000000,54.535559999999997,22552456.700744599103928,75300.067999994396814,E07000166,Richmondshire,,E92000001E07000166,Richmondshire,522.667
"30",J01000030,Darlington,"428525","515675",-1.560680000000000,54.535559999999997,22552456.700744599103928,75300.067999994396814,E06000005,Darlington,,E92000001E06000005,Darlington,22569460.756
"31",J01000031,Derby,"434575","334975",-1.487310000000000,52.911110000000001,58699971.349517799913883,169700.107999976986321,E07000036,Erewash,,E92000001E07000036,Erewash,154484.783
"31",J01000031,Derby,"434575","334975",-1.487310000000000,52.911110000000001,58699971.349517799913883,169700.107999976986321,E06000015,Derby,,E92000001E06000015,Derby,57189071.900
"31",J01000031,Derby,"434575","334975",-1.487310000000000,52.911110000000001,58699971.349517799913883,169700.107999976986321,E07000032,Amber Valley,,E92000001E07000032,Amber Valley,70072.244
"31",J01000031,Derby,"434575","334975",-1.487310000000000,52.911110000000001,58699971.349517799913883,169700.107999976986321,E07000039,South Derbyshire,,E92000001E07000039,South Derbyshire,1331332.616
"32",J01000032,Doncaster,"458100","403275",-1.125120000000000,53.522959999999998,31090025.300125095993280,119599.858000613996410,E08000017,Doncaster,,E92000001E08000017,Doncaster,31112200.205
"33",J01000033,Dudley,"394150","289000",-2.087590000000000,52.498880000000000,23347494.000442501157522,49799.867999993301055,E08000028,Sandwell,,E92000001E08000028,Sandwell,5114308.695
"33",J01000033,Dudley,"394150","289000",-2.087590000000000,52.498880000000000,23347494.000442501157522,49799.867999993301055,E08000027,Dudley,,E92000001E08000027,Dudley,18251795.034
"34",J01000034,Eastbourne,"561300","99100",0.286097000000000,50.769060000000003,22712558.199676498770714,82999.970008668693481,E07000065,Wealden,,E92000001E07000065,Wealden,2741169.361
"34",J01000034,Eastbourne,"561300","99100",0.286097000000000,50.769060000000003,22712558.199676498770714,82999.970008668693481,E07000061,Eastbourne,,E92000001E07000061,Eastbourne,19975057.676
"35",J01000035,Exeter,"293675","92325",-3.507600000000000,50.720779999999998,27327483.850711800158024,94699.841999998301617,E07000041,Exeter,,E92000001E07000041,Exeter,27161376.176
"35",J01000035,Exeter,"293675","92325",-3.507600000000000,50.720779999999998,27327483.850711800158024,94699.841999998301617,E07000045,Teignbridge,,E92000001E07000045,Teignbridge,33940.678
"35",J01000035,Exeter,"293675","92325",-3.507600000000000,50.720779999999998,27327483.850711800158024,94699.841999998301617,E07000040,East Devon,,E92000001E07000040,East Devon,146312.476
"36",J01000036,Gateshead,"426400","561025",-1.589430000000000,54.943199999999997,30169990.949249301105738,72500.028000000893371,E08000020,Gateshead,,E92000001E08000020,Gateshead,30159460.612
"36",J01000036,Gateshead,"426400","561025",-1.589430000000000,54.943199999999997,30169990.949249301105738,72500.028000000893371,E08000024,Sunderland,,E92000001E08000024,Sunderland,33031.226
"36",J01000036,Gateshead,"426400","561025",-1.589430000000000,54.943199999999997,30169990.949249301105738,72500.028000000893371,E08000023,South Tyneside,,E92000001E08000023,South Tyneside,1063.475
"37",J01000037,Gillingham,"579525","166775",0.577860000000000,51.371650000000002,21809998.950347900390625,64300.016000004499801,E06000035,Medway,,E92000001E06000035,Medway,21721939.901
"37",J01000037,Gillingham,"579525","166775",0.577860000000000,51.371650000000002,21809998.950347900390625,64300.016000004499801,E07000113,Swale,,E92000001E07000113,Swale,88236.037
"38",J01000038,Gloucester,"384550","216500",-2.225680000000000,51.846879999999999,34540045.449554398655891,101200.042006096002297,E07000082,Stroud,,E92000001E07000082,Stroud,1683699.827
"38",J01000038,Gloucester,"384550","216500",-2.225680000000000,51.846879999999999,34540045.449554398655891,101200.042006096002297,E07000081,Gloucester,,E92000001E07000081,Gloucester,29859931.302
"38",J01000038,Gloucester,"384550","216500",-2.225680000000000,51.846879999999999,34540045.449554398655891,101200.042006096002297,E07000083,Tewkesbury,,E92000001E07000083,Tewkesbury,3023760.466
"39",J01000039,Grimsby,"526325","407950",-0.094630000000000,53.553010000000000,23382502.450225800275803,64800.144000004998816,E06000012,North East Lincolnshire,,E92000001E06000012,North East Lincolnshire,23389717.774
"40",J01000040,Guildford,"499550","149700",-0.575360000000000,51.237800000000000,20762474.870086699724197,85299.936800010502338,E07000209,Guildford,,E92000001E07000209,Guildford,20754889.880
"40",J01000040,Guildford,"499550","149700",-0.575360000000000,51.237800000000000,20762474.870086699724197,85299.936800010502338,E07000217,Woking,,E92000001E07000217,Woking,19069.674
"41",J01000041,Halifax,"408300","425275",-1.875690000000000,53.723830000000000,20372497.850128199905157,81299.982000010102638,E08000032,Bradford,,E92000001E08000032,Bradford,15964.284
"41",J01000041,Halifax,"408300","425275",-1.875690000000000,53.723830000000000,20372497.850128199905157,81299.982000010102638,E08000033,Calderdale,,E92000001E08000033,Calderdale,20372755.976
"42",J01000042,Harlow,"546050","210900",0.115647000000000,51.777720000000002,18602489.124984700232744,107399.980000003997702,E07000097,East Hertfordshire,,E92000001E07000097,East Hertfordshire,8814.050
"42",J01000042,Harlow,"546050","210900",0.115647000000000,51.777720000000002,18602489.124984700232744,107399.980000003997702,E07000072,Epping Forest,,E92000001E07000072,Epping Forest,780754.923
"42",J01000042,Harlow,"546050","210900",0.115647000000000,51.777720000000002,18602489.124984700232744,107399.980000003997702,E07000073,Harlow,,E92000001E07000073,Harlow,17818100.329
"43",J01000043,Harrogate,"430700","455175",-1.533250000000000,53.991720000000001,18084985.399993900209665,58199.956000002093788,E07000165,Harrogate,,E92000001E07000165,Harrogate,18098997.689
"44",J01000044,Hartlepool,"450550","531825",-1.217560000000000,54.678959999999996,23509990.099700901657343,96700.015999995201128,E06000001,Hartlepool,,E92000001E06000001,Hartlepool,23526843.262
"45",J01000045,Hastings,"581325","111075",0.575702000000000,50.870730000000002,21164990.199302699416876,81399.994000028804294,E07000062,Hastings,,E92000001E07000062,Hastings,20160649.532
"45",J01000045,Hastings,"581325","111075",0.575702000000000,50.870730000000002,21164990.199302699416876,81399.994000028804294,E07000064,Rother,,E92000001E07000064,Rother,998829.928
"46",J01000046,Hemel Hempstead,"505750","207400",-0.469310000000000,51.755319999999998,23469995.875259399414062,95299.995000000999426,E07000102,Three Rivers,,E92000001E07000102,Three Rivers,1416707.223
"46",J01000046,Hemel Hempstead,"505750","207400",-0.469310000000000,51.755319999999998,23469995.875259399414062,95299.995000000999426,E07000096,Dacorum,,E92000001E07000096,Dacorum,21955936.976
"46",J01000046,Hemel Hempstead,"505750","207400",-0.469310000000000,51.755319999999998,23469995.875259399414062,95299.995000000999426,E07000100,St Albans,,E92000001E07000100,St Albans,109554.179
"47",J01000047,High Wycombe,"486375","193875",-0.753270000000000,51.637059999999998,25967544.777473501861095,109900.061100959996111,E07000005,Chiltern,,E92000001E07000005,Chiltern,1770944.341
"47",J01000047,High Wycombe,"486375","193875",-0.753270000000000,51.637059999999998,25967544.777473501861095,109900.061100959996111,E07000007,Wycombe,,E92000001E07000007,Wycombe,24212446.776
"48",J01000048,Huddersfield,"414100","417000",-1.788160000000000,53.649329999999999,46747475.701934792101383,163799.833999988011783,E08000034,Kirklees,,E92000001E08000034,Kirklees,46360318.250
"48",J01000048,Huddersfield,"414100","417000",-1.788160000000000,53.649329999999999,46747475.701934792101383,163799.833999988011783,E08000033,Calderdale,,E92000001E08000033,Calderdale,424222.971
"49",J01000049,Ipswich,"617300","244575",1.168245000000000,52.056930000000001,36942491.199829101562500,79499.842000009506592,E07000203,Mid Suffolk,,E92000001E07000203,Mid Suffolk,178895.159
"49",J01000049,Ipswich,"617300","244575",1.168245000000000,52.056930000000001,36942491.199829101562500,79499.842000009506592,E07000205,Suffolk Coastal,,E92000001E07000205,Suffolk Coastal,2986788.769
"49",J01000049,Ipswich,"617300","244575",1.168245000000000,52.056930000000001,36942491.199829101562500,79499.842000009506592,E07000200,Babergh,,E92000001E07000200,Babergh,1574513.874
"49",J01000049,Ipswich,"617300","244575",1.168245000000000,52.056930000000001,36942491.199829101562500,79499.842000009506592,E07000202,Ipswich,,E92000001E07000202,Ipswich,32189092.379
"50",J01000050,Kingston upon Hull,"510325","431225",-0.327770000000000,53.765720000000002,73632604.500564604997635,125200.128001987002790,E06000011,East Riding of Yorkshire,,E92000001E06000011,East Riding of Yorkshire,10102067.962
"50",J01000050,Kingston upon Hull,"510325","431225",-0.327770000000000,53.765720000000002,73632604.500564604997635,125200.128001987002790,E06000010,"Kingston upon Hull, City of",,E92000001E06000010,"Kingston upon Hull, City of",63567660.790
"51",J01000051,Leeds,"430075","434025",-1.544850000000000,53.801670000000001,111632475.999099999666214,193500.086004001001129,E08000035,Leeds,,E92000001E08000035,Leeds,111719054.333
"52",J01000052,Leicester,"458575","304200",-1.135960000000000,52.632410000000000,78317520.193626403808594,158099.741603615984786,E06000016,Leicester,,E92000001E06000016,Leicester,60678797.788
"52",J01000052,Leicester,"458575","304200",-1.135960000000000,52.632410000000000,78317520.193626403808594,158099.741603615984786,E07000132,Hinckley and Bosworth,,E92000001E07000132,Hinckley and Bosworth,76159.889
"52",J01000052,Leicester,"458575","304200",-1.135960000000000,52.632410000000000,78317520.193626403808594,158099.741603615984786,E07000131,Harborough,,E92000001E07000131,Harborough,1840402.533
"52",J01000052,Leicester,"458575","304200",-1.135960000000000,52.632410000000000,78317520.193626403808594,158099.741603615984786,E07000130,Charnwood,,E92000001E07000130,Charnwood,2538149.487
"52",J01000052,Leicester,"458575","304200",-1.135960000000000,52.632410000000000,78317520.193626403808594,158099.741603615984786,E07000129,Blaby,,E92000001E07000129,Blaby,13092126.266
"52",J01000052,Leicester,"458575","304200",-1.135960000000000,52.632410000000000,78317520.193626403808594,158099.741603615984786,E07000135,Oadby and Wigston,,E92000001E07000135,Oadby and Wigston,147747.225
"53",J01000053,Lincoln,"496550","370500",-0.555320000000000,53.222799999999999,27489959.599578898400068,111299.916000012002769,E07000138,Lincoln,,E92000001E07000138,Lincoln,22531823.703
"53",J01000053,Lincoln,"496550","370500",-0.555320000000000,53.222799999999999,27489959.599578898400068,111299.916000012002769,E07000142,West Lindsey,,E92000001E07000142,West Lindsey,157574.786
"53",J01000053,Lincoln,"496550","370500",-0.555320000000000,53.222799999999999,27489959.599578898400068,111299.916000012002769,E07000139,North Kesteven,,E92000001E07000139,North Kesteven,4816147.977
"54",J01000054,Liverpool,"339775","388450",-2.907020000000000,53.389449999999997,123312586.250725001096725,161699.890001004008809,E06000006,Halton,,E92000001E06000006,Halton,15920.922
"54",J01000054,Liverpool,"339775","388450",-2.907020000000000,53.389449999999997,123312586.250725001096725,161699.890001004008809,E08000011,Knowsley,,E92000001E08000011,Knowsley,18913325.804
"54",J01000054,Liverpool,"339775","388450",-2.907020000000000,53.389449999999997,123312586.250725001096725,161699.890001004008809,E08000014,Sefton,,E92000001E08000014,Sefton,2139921.079
"54",J01000054,Liverpool,"339775","388450",-2.907020000000000,53.389449999999997,123312586.250725001096725,161699.890001004008809,E08000012,Liverpool,,E92000001E08000012,Liverpool,102330747.781
"55",J01000055,London,"518300","178550",-0.297300000000000,51.493519999999997,1242732544.069629907608032,1184299.656960079912096,E09000023,Lewisham,,E92000001E09000023,Lewisham,35192033.296
"55",J01000055,London,"518300","178550",-0.297300000000000,51.493519999999997,1242732544.069629907608032,1184299.656960079912096,E09000028,Southwark,,E92000001E09000028,Southwark,28983088.378
"55",J01000055,London,"518300","178550",-0.297300000000000,51.493519999999997,1242732544.069629907608032,1184299.656960079912096,E09000025,Newham,,E92000001E09000025,Newham,31303324.992
"55",J01000055,London,"518300","178550",-0.297300000000000,51.493519999999997,1242732544.069629907608032,1184299.656960079912096,E09000024,Merton,,E92000001E09000024,Merton,37624675.507
"55",J01000055,London,"518300","178550",-0.297300000000000,51.493519999999997,1242732544.069629907608032,1184299.656960079912096,E09000029,Sutton,,E92000001E09000029,Sutton,39103433.163
"55",J01000055,London,"518300","178550",-0.297300000000000,51.493519999999997,1242732544.069629907608032,1184299.656960079912096,E09000019,Islington,,E92000001E09000019,Islington,14865472.050
"55",J01000055,London,"518300","178550",-0.297300000000000,51.493519999999997,1242732544.069629907608032,1184299.656960079912096,E07000072,Epping Forest,,E92000001E07000072,Epping Forest,192422.911
"55",J01000055,London,"518300","178550",-0.297300000000000,51.493519999999997,1242732544.069629907608032,1184299.656960079912096,E09000011,Greenwich,,E92000001E09000011,Greenwich,45843237.161
"55",J01000055,London,"518300","178550",-0.297300000000000,51.493519999999997,1242732544.069629907608032,1184299.656960079912096,E09000006,Bromley,,E92000001E09000006,Bromley,86604814.446
"55",J01000055,London,"518300","178550",-0.297300000000000,51.493519999999997,1242732544.069629907608032,1184299.656960079912096,E07000208,Epsom and Ewell,,E92000001E07000208,Epsom and Ewell,94042.531
"55",J01000055,London,"518300","178550",-0.297300000000000,51.493519999999997,1242732544.069629907608032,1184299.656960079912096,E09000016,Havering,,E92000001E09000016,Havering,51004238.524
"55",J01000055,London,"518300","178550",-0.297300000000000,51.493519999999997,1242732544.069629907608032,1184299.656960079912096,E09000017,Hillingdon,,E92000001E09000017,Hillingdon,83738652.177
"55",J01000055,London,"518300","178550",-0.297300000000000,51.493519999999997,1242732544.069629907608032,1184299.656960079912096,E41000324,"City of London,Westminster",,E92000001E41000324,"City of London,Westminster",24337745.185
"55",J01000055,London,"518300","178550",-0.297300000000000,51.493519999999997,1242732544.069629907608032,1184299.656960079912096,E07000095,Broxbourne,,E92000001E07000095,Broxbourne,16627.109
"55",J01000055,London,"518300","178550",-0.297300000000000,51.493519999999997,1242732544.069629907608032,1184299.656960079912096,E09000004,Bexley,,E92000001E09000004,Bexley,47817210.349
"55",J01000055,London,"518300","178550",-0.297300000000000,51.493519999999997,1242732544.069629907608032,1184299.656960079912096,E09000020,Kensington and Chelsea,,E92000001E09000020,Kensington and Chelsea,12020087.074
"55",J01000055,London,"518300","178550",-0.297300000000000,51.493519999999997,1242732544.069629907608032,1184299.656960079912096,E09000009,Ealing,,E92000001E09000009,Ealing,55551658.555
"55",J01000055,London,"518300","178550",-0.297300000000000,51.493519999999997,1242732544.069629907608032,1184299.656960079912096,E09000027,Richmond upon Thames,,E92000001E09000027,Richmond upon Thames,31279515.931
"55",J01000055,London,"518300","178550",-0.297300000000000,51.493519999999997,1242732544.069629907608032,1184299.656960079912096,E09000002,Barking and Dagenham,,E92000001E09000002,Barking and Dagenham,31733228.789
"55",J01000055,London,"518300","178550",-0.297300000000000,51.493519999999997,1242732544.069629907608032,1184299.656960079912096,E09000010,Enfield,,E92000001E09000010,Enfield,52279865.104
"55",J01000055,London,"518300","178550",-0.297300000000000,51.493519999999997,1242732544.069629907608032,1184299.656960079912096,E07000213,Spelthorne,,E92000001E07000213,Spelthorne,17271.796
"55",J01000055,London,"518300","178550",-0.297300000000000,51.493519999999997,1242732544.069629907608032,1184299.656960079912096,E09000021,Kingston upon Thames,,E92000001E09000021,Kingston upon Thames,29606418.417
"55",J01000055,London,"518300","178550",-0.297300000000000,51.493519999999997,1242732544.069629907608032,1184299.656960079912096,E07000068,Brentwood,,E92000001E07000068,Brentwood,1961.094
"55",J01000055,London,"518300","178550",-0.297300000000000,51.493519999999997,1242732544.069629907608032,1184299.656960079912096,E07000111,Sevenoaks,,E92000001E07000111,Sevenoaks,5086.956
"55",J01000055,London,"518300","178550",-0.297300000000000,51.493519999999997,1242732544.069629907608032,1184299.656960079912096,E09000032,Wandsworth,,E92000001E09000032,Wandsworth,33113704.307
"55",J01000055,London,"518300","178550",-0.297300000000000,51.493519999999997,1242732544.069629907608032,1184299.656960079912096,E09000003,Barnet,,E92000001E09000003,Barnet,68728155.347
"55",J01000055,London,"518300","178550",-0.297300000000000,51.493519999999997,1242732544.069629907608032,1184299.656960079912096,E07000102,Three Rivers,,E92000001E07000102,Three Rivers,27759.986
"55",J01000055,London,"518300","178550",-0.297300000000000,51.493519999999997,1242732544.069629907608032,1184299.656960079912096,E09000026,Redbridge,,E92000001E09000026,Redbridge,38218300.818
"55",J01000055,London,"518300","178550",-0.297300000000000,51.493519999999997,1242732544.069629907608032,1184299.656960079912096,E07000107,Dartford,,E92000001E07000107,Dartford,33483.418
"55",J01000055,London,"518300","178550",-0.297300000000000,51.493519999999997,1242732544.069629907608032,1184299.656960079912096,E09000022,Lambeth,,E92000001E09000022,Lambeth,26887275.516
"55",J01000055,London,"518300","178550",-0.297300000000000,51.493519999999997,1242732544.069629907608032,1184299.656960079912096,E07000207,Elmbridge,,E92000001E07000207,Elmbridge,25255.097
"55",J01000055,London,"518300","178550",-0.297300000000000,51.493519999999997,1242732544.069629907608032,1184299.656960079912096,E09000012,Hackney,,E92000001E09000012,Hackney,17284192.814
"55",J01000055,London,"518300","178550",-0.297300000000000,51.493519999999997,1242732544.069629907608032,1184299.656960079912096,E09000014,Haringey,,E92000001E09000014,Haringey,28939421.443
"55",J01000055,London,"518300","178550",-0.297300000000000,51.493519999999997,1242732544.069629907608032,1184299.656960079912096,E09000031,Waltham Forest,,E92000001E09000031,Waltham Forest,28711991.627
"55",J01000055,London,"518300","178550",-0.297300000000000,51.493519999999997,1242732544.069629907608032,1184299.656960079912096,E09000007,Camden,,E92000001E09000007,Camden,21804708.318
"55",J01000055,London,"518300","178550",-0.297300000000000,51.493519999999997,1242732544.069629907608032,1184299.656960079912096,E09000030,Tower Hamlets,,E92000001E09000030,Tower Hamlets,19688470.759
"55",J01000055,London,"518300","178550",-0.297300000000000,51.493519999999997,1242732544.069629907608032,1184299.656960079912096,E07000098,Hertsmere,,E92000001E07000098,Hertsmere,32197.815
"55",J01000055,London,"518300","178550",-0.297300000000000,51.493519999999997,1242732544.069629907608032,1184299.656960079912096,E09000018,Hounslow,,E92000001E09000018,Hounslow,48785339.086
"55",J01000055,London,"518300","178550",-0.297300000000000,51.493519999999997,1242732544.069629907608032,1184299.656960079912096,E09000005,Brent,,E92000001E09000005,Brent,43254432.176
"55",J01000055,London,"518300","178550",-0.297300000000000,51.493519999999997,1242732544.069629907608032,1184299.656960079912096,E09000015,Harrow,,E92000001E09000015,Harrow,42324409.594
"55",J01000055,London,"518300","178550",-0.297300000000000,51.493519999999997,1242732544.069629907608032,1184299.656960079912096,E07000211,Reigate and Banstead,,E92000001E07000211,Reigate and Banstead,55178.952
"55",J01000055,London,"518300","178550",-0.297300000000000,51.493519999999997,1242732544.069629907608032,1184299.656960079912096,E09000013,Hammersmith and Fulham,,E92000001E09000013,Hammersmith and Fulham,16152148.708
"55",J01000055,London,"518300","178550",-0.297300000000000,51.493519999999997,1242732544.069629907608032,1184299.656960079912096,E09000008,Croydon,,E92000001E09000008,Croydon,69806305.320
"55",J01000055,London,"518300","178550",-0.297300000000000,51.493519999999997,1242732544.069629907608032,1184299.656960079912096,E07000006,South Bucks,,E92000001E07000006,South Bucks,50397.085
"55",J01000055,London,"518300","178550",-0.297300000000000,51.493519999999997,1242732544.069629907608032,1184299.656960079912096,E07000215,Tandridge,,E92000001E07000215,Tandridge,63217.301
"56",J01000056,Luton,"507325","222925",-0.441690000000000,51.894550000000002,40744990.300262503325939,70000.008003003298654,E07000099,North Hertfordshire,,E92000001E07000099,North Hertfordshire,26628.633
"56",J01000056,Luton,"507325","222925",-0.441690000000000,51.894550000000002,40744990.300262503325939,70000.008003003298654,E06000056,Central Bedfordshire,,E92000001E06000056,Central Bedfordshire,3066756.317
"56",J01000056,Luton,"507325","222925",-0.441690000000000,51.894550000000002,40744990.300262503325939,70000.008003003298654,E06000032,Luton,,E92000001E06000032,Luton,37672439.654
"57",J01000057,Maidstone,"576450","155050",0.527931000000000,51.267280000000000,25447495.150085400789976,117899.994000011996832,E07000115,Tonbridge and Malling,,E92000001E07000115,Tonbridge and Malling,55888.367
"57",J01000057,Maidstone,"576450","155050",0.527931000000000,51.267280000000000,25447495.150085400789976,117899.994000011996832,E07000110,Maidstone,,E92000001E07000110,Maidstone,25392438.482
"58",J01000058,Manchester,"386300","397325",-2.207860000000000,53.472490000000001,97387517.652740493416786,128199.808785354005522,E08000008,Tameside,,E92000001E08000008,Tameside,5219430.581
"58",J01000058,Manchester,"386300","397325",-2.207860000000000,53.472490000000001,97387517.652740493416786,128199.808785354005522,E08000007,Stockport,,E92000001E08000007,Stockport,4265663.308
"58",J01000058,Manchester,"386300","397325",-2.207860000000000,53.472490000000001,97387517.652740493416786,128199.808785354005522,E08000009,Trafford,,E92000001E08000009,Trafford,3613982.588
"58",J01000058,Manchester,"386300","397325",-2.207860000000000,53.472490000000001,97387517.652740493416786,128199.808785354005522,E08000002,Bury,,E92000001E08000002,Bury,5232854.013
"58",J01000058,Manchester,"386300","397325",-2.207860000000000,53.472490000000001,97387517.652740493416786,128199.808785354005522,E08000005,Rochdale,,E92000001E08000005,Rochdale,40207.380
"58",J01000058,Manchester,"386300","397325",-2.207860000000000,53.472490000000001,97387517.652740493416786,128199.808785354005522,E08000003,Manchester,,E92000001E08000003,Manchester,78655852.426
"58",J01000058,Manchester,"386300","397325",-2.207860000000000,53.472490000000001,97387517.652740493416786,128199.808785354005522,E08000006,Salford,,E92000001E08000006,Salford,236443.872
"58",J01000058,Manchester,"386300","397325",-2.207860000000000,53.472490000000001,97387517.652740493416786,128199.808785354005522,E08000004,Oldham,,E92000001E08000004,Oldham,200294.788
"59",J01000059,Mansfield,"454425","361625",-1.187680000000000,53.149009999999997,22699992.649810798466206,64700.018000004798523,E07000033,Bolsover,,E92000001E07000033,Bolsover,366712.580
"59",J01000059,Mansfield,"454425","361625",-1.187680000000000,53.149009999999997,22699992.649810798466206,64700.018000004798523,E07000174,Mansfield,,E92000001E07000174,Mansfield,21295650.709
"59",J01000059,Mansfield,"454425","361625",-1.187680000000000,53.149009999999997,22699992.649810798466206,64700.018000004798523,E07000175,Newark and Sherwood,,E92000001E07000175,Newark and Sherwood,1033082.122
"59",J01000059,Mansfield,"454425","361625",-1.187680000000000,53.149009999999997,22699992.649810798466206,64700.018000004798523,E07000170,Ashfield,,E92000001E07000170,Ashfield,20994.964
"60",J01000060,Middlesbrough,"450550","517525",-1.220020000000000,54.550469999999997,49012444.149444602429867,109600.099999985002796,E06000003,Redcar and Cleveland,,E92000001E06000003,Redcar and Cleveland,12140797.655
"60",J01000060,Middlesbrough,"450550","517525",-1.220020000000000,54.550469999999997,49012444.149444602429867,109600.099999985002796,E06000002,Middlesbrough,,E92000001E06000002,Middlesbrough,36904685.259
"60",J01000060,Middlesbrough,"450550","517525",-1.220020000000000,54.550469999999997,49012444.149444602429867,109600.099999985002796,E06000004,Stockton-on-Tees,,E92000001E06000004,Stockton-on-Tees,2895.620
"61",J01000061,Milton Keynes,"485375","238650",-0.756680000000000,52.039690000000000,45669994.199188210070133,286499.578000021982007,E07000004,Aylesbury Vale,,E92000001E07000004,Aylesbury Vale,2559.686
"61",J01000061,Milton Keynes,"485375","238650",-0.756680000000000,52.039690000000000,45669994.199188210070133,286499.578000021982007,E07000155,South Northamptonshire,,E92000001E07000155,South Northamptonshire,44.245
"61",J01000061,Milton Keynes,"485375","238650",-0.756680000000000,52.039690000000000,45669994.199188210070133,286499.578000021982007,E06000042,Milton Keynes,,E92000001E06000042,Milton Keynes,45695686.008
"62",J01000062,Newcastle upon Tyne,"422825","566850",-1.644770000000000,54.995710000000003,57895024.500549301505089,99799.918000003308407,E08000022,North Tyneside,,E92000001E08000022,North Tyneside,568171.452
"62",J01000062,Newcastle upon Tyne,"422825","566850",-1.644770000000000,54.995710000000003,57895024.500549301505089,99799.918000003308407,E08000021,Newcastle upon Tyne,,E92000001E08000021,Newcastle upon Tyne,57372238.690
"63",J01000063,Newcastle-under-Lyme,"383500","349150",-2.247530000000000,53.039380000000001,19660015.950736999511719,72199.812002021397348,E07000197,Stafford,,E92000001E07000197,Stafford,111658.076
"63",J01000063,Newcastle-under-Lyme,"383500","349150",-2.247530000000000,53.039380000000001,19660015.950736999511719,72199.812002021397348,E07000195,Newcastle-under-Lyme,,E92000001E07000195,Newcastle-under-Lyme,19545907.887
"63",J01000063,Newcastle-under-Lyme,"383500","349150",-2.247530000000000,53.039380000000001,19660015.950736999511719,72199.812002021397348,E06000021,Stoke-on-Trent,,E92000001E06000021,Stoke-on-Trent,18016.941
"64",J01000064,Newport,"330150","187975",-3.009580000000000,51.586280000000002,34719978.599700897932053,170300.034000030020252,W06000022,Newport,Casnewydd,W92000004W06000022,Newport,34615530.415
"64",J01000064,Newport,"330150","187975",-3.009580000000000,51.586280000000002,34719978.599700897932053,170300.034000030020252,W06000020,Torfaen,Tor-faen,W92000004W06000020,Torfaen,59171.565
"64",J01000064,Newport,"330150","187975",-3.009580000000000,51.586280000000002,34719978.599700897932053,170300.034000030020252,W06000018,Caerphilly,Caerffili,W92000004W06000018,Caerphilly,68931.278
"65",J01000065,Northampton,"476225","262475",-0.884720000000000,52.255189999999999,56717497.300674401223660,144900.091999995987862,E07000156,Wellingborough,,E92000001E07000156,Wellingborough,8711.501
"65",J01000065,Northampton,"476225","262475",-0.884720000000000,52.255189999999999,56717497.300674401223660,144900.091999995987862,E07000151,Daventry,,E92000001E07000151,Daventry,2630710.264
"65",J01000065,Northampton,"476225","262475",-0.884720000000000,52.255189999999999,56717497.300674401223660,144900.091999995987862,E07000155,South Northamptonshire,,E92000001E07000155,South Northamptonshire,135190.949
"65",J01000065,Northampton,"476225","262475",-0.884720000000000,52.255189999999999,56717497.300674401223660,144900.091999995987862,E07000154,Northampton,,E92000001E07000154,Northampton,53979977.705
"66",J01000066,Norwich,"622500","310000",1.287271000000000,52.642110000000002,52622558.299179099500179,106399.916004005004652,E07000148,Norwich,,E92000001E07000148,Norwich,33693013.981
"66",J01000066,Norwich,"622500","310000",1.287271000000000,52.642110000000002,52622558.299179099500179,106399.916004005004652,E07000149,South Norfolk,,E92000001E07000149,South Norfolk,2459420.589
"66",J01000066,Norwich,"622500","310000",1.287271000000000,52.642110000000002,52622558.299179099500179,106399.916004005004652,E07000144,Broadland,,E92000001E07000144,Broadland,16448114.126
"67",J01000067,Nottingham,"455725","341875",-1.171660000000000,52.971359999999997,62502492.999298103153706,82399.782000007093302,E06000018,Nottingham,,E92000001E06000018,Nottingham,58773631.377
"67",J01000067,Nottingham,"455725","341875",-1.171660000000000,52.971359999999997,62502492.999298103153706,82399.782000007093302,E07000173,Gedling,,E92000001E07000173,Gedling,1687619.641
"67",J01000067,Nottingham,"455725","341875",-1.171660000000000,52.971359999999997,62502492.999298103153706,82399.782000007093302,E07000170,Ashfield,,E92000001E07000170,Ashfield,242366.578
"67",J01000067,Nottingham,"455725","341875",-1.171660000000000,52.971359999999997,62502492.999298103153706,82399.782000007093302,E07000176,Rushcliffe,,E92000001E07000176,Rushcliffe,839.433
"67",J01000067,Nottingham,"455725","341875",-1.171660000000000,52.971359999999997,62502492.999298103153706,82399.782000007093302,E07000172,Broxtowe,,E92000001E07000172,Broxtowe,1843208.888
"68",J01000068,Nuneaton,"436100","291925",-1.469340000000000,52.524020000000000,21079980.499893199652433,89599.883999994010082,E07000219,Nuneaton and Bedworth,,E92000001E07000219,Nuneaton and Bedworth,19879526.104
"68",J01000068,Nuneaton,"436100","291925",-1.469340000000000,52.524020000000000,21079980.499893199652433,89599.883999994010082,E07000218,North Warwickshire,,E92000001E07000218,North Warwickshire,1212533.004
"68",J01000068,Nuneaton,"436100","291925",-1.469340000000000,52.524020000000000,21079980.499893199652433,89599.883999994010082,E07000132,Hinckley and Bosworth,,E92000001E07000132,Hinckley and Bosworth,4081.177
"69",J01000069,Oldham,"393700","404825",-2.096530000000000,53.540039999999998,19677508.649169899523258,71600.262000001996057,E08000008,Tameside,,E92000001E08000008,Tameside,2843.477
"69",J01000069,Oldham,"393700","404825",-2.096530000000000,53.540039999999998,19677508.649169899523258,71600.262000001996057,E08000004,Oldham,,E92000001E08000004,Oldham,19690344.478
"70",J01000070,Oxford,"454525","205100",-1.211690000000000,51.741959999999999,32687485.999694798141718,130000.121999985000002,E07000177,Cherwell,,E92000001E07000177,Cherwell,30487.320
"70",J01000070,Oxford,"454525","205100",-1.211690000000000,51.741959999999999,32687485.999694798141718,130000.121999985000002,E07000179,South Oxfordshire,,E92000001E07000179,South Oxfordshire,733188.082
"70",J01000070,Oxford,"454525","205100",-1.211690000000000,51.741959999999999,32687485.999694798141718,130000.121999985000002,E07000180,Vale of White Horse,,E92000001E07000180,Vale of White Horse,3160449.103
"70",J01000070,Oxford,"454525","205100",-1.211690000000000,51.741959999999999,32687485.999694798141718,130000.121999985000002,E07000178,Oxford,,E92000001E07000178,Oxford,28787196.232
"71",J01000071,Peterborough,"518850","299900",-0.247250000000000,52.583939999999998,43769977.549011200666428,142400.133999990008306,E07000011,Huntingdonshire,,E92000001E07000011,Huntingdonshire,397766.093
"71",J01000071,Peterborough,"518850","299900",-0.247250000000000,52.583939999999998,43769977.549011200666428,142400.133999990008306,E06000031,Peterborough,,E92000001E06000031,Peterborough,43392146.627
"72",J01000072,Plymouth,"247750","56425",-4.143100000000000,50.387929999999997,59730106.525040596723557,203500.071023221011274,E06000026,Plymouth,,E92000001E06000026,Plymouth,58045945.214
"72",J01000072,Plymouth,"247750","56425",-4.143100000000000,50.387929999999997,59730106.525040596723557,203500.071023221011274,E07000044,South Hams,,E92000001E07000044,South Hams,1603174.743
"73",J01000073,Poole,"403925","92900",-1.945730000000000,50.735689999999998,46297494.399726897478104,112900.031999989994802,E06000029,Poole,,E92000001E06000029,Poole,41322642.469
"73",J01000073,Poole,"403925","92900",-1.945730000000000,50.735689999999998,46297494.399726897478104,112900.031999989994802,E07000051,Purbeck,,E92000001E07000051,Purbeck,1732700.998
"73",J01000073,Poole,"403925","92900",-1.945730000000000,50.735689999999998,46297494.399726897478104,112900.031999989994802,E06000028,Bournemouth,,E92000001E06000028,Bournemouth,211274.708
"73",J01000073,Poole,"403925","92900",-1.945730000000000,50.735689999999998,46297494.399726897478104,112900.031999989994802,E07000049,East Dorset,,E92000001E07000049,East Dorset,3065833.553
"74",J01000074,Portsmouth,"465550","101450",-1.071020000000000,50.808889999999998,33100021.079929400235415,90499.956003053899622,E07000090,Havant,,E92000001E07000090,Havant,141913.556
"74",J01000074,Portsmouth,"465550","101450",-1.071020000000000,50.808889999999998,33100021.079929400235415,90499.956003053899622,E07000087,Fareham,,E92000001E07000087,Fareham,3394874.129
"74",J01000074,Portsmouth,"465550","101450",-1.071020000000000,50.808889999999998,33100021.079929400235415,90499.956003053899622,E06000044,Portsmouth,,E92000001E06000044,Portsmouth,29580929.775
"74",J01000074,Portsmouth,"465550","101450",-1.071020000000000,50.808889999999998,33100021.079929400235415,90499.956003053899622,E07000094,Winchester,,E92000001E07000094,Winchester,3518.501
"75",J01000075,Preston,"354750","431125",-2.688070000000000,53.774490000000000,30505072.950286902487278,97799.944000996416435,E07000126,South Ribble,,E92000001E07000126,South Ribble,1018259.124
"75",J01000075,Preston,"354750","431125",-2.688070000000000,53.774490000000000,30505072.950286902487278,97799.944000996416435,E07000123,Preston,,E92000001E07000123,Preston,29509541.162
"76",J01000076,Reading,"471775","172450",-0.968560000000000,51.446500000000000,58139964.644851699471474,131700.130400002002716,E06000038,Reading,,E92000001E06000038,Reading,32967816.756
"76",J01000076,Reading,"471775","172450",-0.968560000000000,51.446500000000000,58139964.644851699471474,131700.130400002002716,E07000179,South Oxfordshire,,E92000001E07000179,South Oxfordshire,131674.541
"76",J01000076,Reading,"471775","172450",-0.968560000000000,51.446500000000000,58139964.644851699471474,131700.130400002002716,E06000037,West Berkshire,,E92000001E06000037,West Berkshire,6858278.289
"76",J01000076,Reading,"471775","172450",-0.968560000000000,51.446500000000000,58139964.644851699471474,131700.130400002002716,E06000041,Wokingham,,E92000001E06000041,Wokingham,18221237.510
"77",J01000077,Redditch,"404000","267725",-1.942740000000000,52.307639999999999,21830000.300384499132633,119900.117999979993328,E07000234,Bromsgrove,,E92000001E07000234,Bromsgrove,319942.445
"77",J01000077,Redditch,"404000","267725",-1.942740000000000,52.307639999999999,21830000.300384499132633,119900.117999979993328,E07000221,Stratford-on-Avon,,E92000001E07000221,Stratford-on-Avon,63306.936
"77",J01000077,Redditch,"404000","267725",-1.942740000000000,52.307639999999999,21830000.300384499132633,119900.117999979993328,E07000236,Redditch,,E92000001E07000236,Redditch,21208825.585
"77",J01000077,Redditch,"404000","267725",-1.942740000000000,52.307639999999999,21830000.300384499132633,119900.117999979993328,E07000238,Wychavon,,E92000001E07000238,Wychavon,255329.688
"78",J01000078,Rochdale,"390050","412825",-2.151860000000000,53.611890000000002,25340061.551681499928236,84700.156002556002932,E07000125,Rossendale,,E92000001E07000125,Rossendale,27540.684
"78",J01000078,Rochdale,"390050","412825",-2.151860000000000,53.611890000000002,25340061.551681499928236,84700.156002556002932,E08000005,Rochdale,,E92000001E08000005,Rochdale,25332664.371
"79",J01000079,Rotherham,"442525","392950",-1.361420000000000,53.431640000000002,30820005.900329601019621,119700.002002012988669,E08000018,Rotherham,,E92000001E08000018,Rotherham,28922937.710
"79",J01000079,Rotherham,"442525","392950",-1.361420000000000,53.431640000000002,30820005.900329601019621,119700.002002012988669,E08000019,Sheffield,,E92000001E08000019,Sheffield,1920203.801
"80",J01000080,Salford,"380925","399500",-2.288970000000000,53.491869999999999,18827501.732894901186228,48305.438961407300667,E08000009,Trafford,,E92000001E08000009,Trafford,43620.634
"80",J01000080,Salford,"380925","399500",-2.288970000000000,53.491869999999999,18827501.732894901186228,48305.438961407300667,E08000002,Bury,,E92000001E08000002,Bury,68555.981
"80",J01000080,Salford,"380925","399500",-2.288970000000000,53.491869999999999,18827501.732894901186228,48305.438961407300667,E08000003,Manchester,,E92000001E08000003,Manchester,21903.853
"80",J01000080,Salford,"380925","399500",-2.288970000000000,53.491869999999999,18827501.732894901186228,48305.438961407300667,E08000006,Salford,,E92000001E08000006,Salford,18708279.871
"81",J01000081,Scunthorpe,"489875","408750",-0.644400000000000,53.567689999999999,26712515.749298099428415,108600.456000011006836,E06000013,North Lincolnshire,,E92000001E06000013,North Lincolnshire,26728561.305
"82",J01000082,Sheffield,"436700","388025",-1.449660000000000,53.387810000000002,122485069.650085002183914,280100.042004011978861,E08000018,Rotherham,,E92000001E08000018,Rotherham,2399679.490
"82",J01000082,Sheffield,"436700","388025",-1.449660000000000,53.387810000000002,122485069.650085002183914,280100.042004011978861,E07000038,North East Derbyshire,,E92000001E07000038,North East Derbyshire,461177.662
"82",J01000082,Sheffield,"436700","388025",-1.449660000000000,53.387810000000002,122485069.650085002183914,280100.042004011978861,E08000019,Sheffield,,E92000001E08000019,Sheffield,119717942.864
"83",J01000083,Shrewsbury,"348575","311475",-2.762400000000000,52.698509999999999,21485055.948867801576853,74100.060000002398738,E06000051,Shropshire,,E92000001E06000051,Shropshire,21500846.059
"84",J01000084,Slough,"496500","180450",-0.610700000000000,51.514740000000003,27075042.629646301269531,83800.024605613696622,E06000039,Slough,,E92000001E06000039,Slough,22595573.087
"84",J01000084,Slough,"496500","180450",-0.610700000000000,51.514740000000003,27075042.629646301269531,83800.024605613696622,E06000040,Windsor and Maidenhead,,E92000001E06000040,Windsor and Maidenhead,98615.150
"84",J01000084,Slough,"496500","180450",-0.610700000000000,51.514740000000003,27075042.629646301269531,83800.024605613696622,E07000006,South Bucks,,E92000001E07000006,South Bucks,4396202.230
"85",J01000085,Solihull,"413250","280250",-1.806590000000000,52.420090000000002,31234978.287528999149799,72300.091499989299336,E07000234,Bromsgrove,,E92000001E07000234,Bromsgrove,102002.353
"85",J01000085,Solihull,"413250","280250",-1.806590000000000,52.420090000000002,31234978.287528999149799,72300.091499989299336,E08000029,Solihull,,E92000001E08000029,Solihull,30955699.697
"85",J01000085,Solihull,"413250","280250",-1.806590000000000,52.420090000000002,31234978.287528999149799,72300.091499989299336,E08000025,Birmingham,,E92000001E08000025,Birmingham,202051.002
"86",J01000086,South Shields,"437175","565350",-1.420680000000000,54.981380000000001,14857498.949859600514174,44099.901999987698218,E08000023,South Tyneside,,E92000001E08000023,South Tyneside,14866521.811
"87",J01000087,Southampton,"440625","114175",-1.423340000000000,50.925590000000000,53537478.200180098414421,136400.026000017009210,E06000045,Southampton,,E92000001E06000045,Southampton,45816889.981
"87",J01000087,Southampton,"440625","114175",-1.423340000000000,50.925590000000000,53537478.200180098414421,136400.026000017009210,E07000093,Test Valley,,E92000001E07000093,Test Valley,3487926.872
"87",J01000087,Southampton,"440625","114175",-1.423340000000000,50.925590000000000,53537478.200180098414421,136400.026000017009210,E07000091,New Forest,,E92000001E07000091,New Forest,572.968
"87",J01000087,Southampton,"440625","114175",-1.423340000000000,50.925590000000000,53537478.200180098414421,136400.026000017009210,E07000086,Eastleigh,,E92000001E07000086,Eastleigh,4272423.145
"88",J01000088,Southend-on-Sea,"586950","187100",0.695149000000000,51.551810000000003,36149988.249694801867008,67799.899999976201798,E07000075,Rochford,,E92000001E07000075,Rochford,1936475.468
"88",J01000088,Southend-on-Sea,"586950","187100",0.695149000000000,51.551810000000003,36149988.249694801867008,67799.899999976201798,E06000033,Southend-on-Sea,,E92000001E06000033,Southend-on-Sea,33901620.204
"88",J01000088,Southend-on-Sea,"586950","187100",0.695149000000000,51.551810000000003,36149988.249694801867008,67799.899999976201798,E07000069,Castle Point,,E92000001E07000069,Castle Point,309479.370
"89",J01000089,Southport,"334075","417325",-2.998790000000000,53.648269999999997,22927499.200134295970201,74099.904000012204051,E07000127,West Lancashire,,E92000001E07000127,West Lancashire,852454.584
"89",J01000089,Southport,"334075","417325",-2.998790000000000,53.648269999999997,22927499.200134295970201,74099.904000012204051,E08000014,Sefton,,E92000001E08000014,Sefton,22090895.916
"90",J01000090,St Albans,"516050","207600",-0.320080000000000,51.755080000000000,18657499.250228900462389,70499.995000000999426,E07000098,Hertsmere,,E92000001E07000098,Hertsmere,23367.331
"90",J01000090,St Albans,"516050","207600",-0.320080000000000,51.755080000000000,18657499.250228900462389,70499.995000000999426,E07000100,St Albans,,E92000001E07000100,St Albans,18642841.654
"91",J01000091,St Helens,"353375","394700",-2.703470000000000,53.447000000000003,26457514.499847400933504,94199.889999983803136,E08000013,St. Helens,,E92000001E08000013,St. Helens,26477088.588
"92",J01000092,Stevenage,"524500","224350",-0.191700000000000,51.903790000000001,21522494.349914599210024,47200.108000004700443,E07000097,East Hertfordshire,,E92000001E07000097,East Hertfordshire,100717.233
"92",J01000092,Stevenage,"524500","224350",-0.191700000000000,51.903790000000001,21522494.349914599210024,47200.108000004700443,E07000099,North Hertfordshire,,E92000001E07000099,North Hertfordshire,787476.490
"92",J01000092,Stevenage,"524500","224350",-0.191700000000000,51.903790000000001,21522494.349914599210024,47200.108000004700443,E07000101,Stevenage,,E92000001E07000101,Stevenage,20643231.491
"93",J01000093,Stockport,"389275","389625",-2.162770000000000,53.403350000000003,24645060.000656101852655,62799.894003995803359,E08000007,Stockport,,E92000001E08000007,Stockport,24408043.888
"93",J01000093,Stockport,"389275","389625",-2.162770000000000,53.403350000000003,24645060.000656101852655,62799.894003995803359,E08000003,Manchester,,E92000001E08000003,Manchester,256609.113
"94",J01000094,Stockton-on-Tees,"444050","520500",-1.320060000000000,54.577809999999999,21732481.299346901476383,59500.102000033497461,E06000004,Stockton-on-Tees,,E92000001E06000004,Stockton-on-Tees,21748815.572
"95",J01000095,Stoke-on-Trent,"388850","346925",-2.167660000000000,53.019520000000000,75997598.000427201390266,261199.684015842969529,E07000198,Staffordshire Moorlands,,E92000001E07000198,Staffordshire Moorlands,5961701.911
"95",J01000095,Stoke-on-Trent,"388850","346925",-2.167660000000000,53.019520000000000,75997598.000427201390266,261199.684015842969529,E07000197,Stafford,,E92000001E07000197,Stafford,2487355.599
"95",J01000095,Stoke-on-Trent,"388850","346925",-2.167660000000000,53.019520000000000,75997598.000427201390266,261199.684015842969529,E07000195,Newcastle-under-Lyme,,E92000001E07000195,Newcastle-under-Lyme,461663.044
"95",J01000095,Stoke-on-Trent,"388850","346925",-2.167660000000000,53.019520000000000,75997598.000427201390266,261199.684015842969529,E06000021,Stoke-on-Trent,,E92000001E06000021,Stoke-on-Trent,67147303.698
"96",J01000096,Sunderland,"438625","554950",-1.399420000000000,54.887810000000002,39137487.501098595559597,135299.846000024990644,E08000024,Sunderland,,E92000001E08000024,Sunderland,39126628.088
"96",J01000096,Sunderland,"438625","554950",-1.399420000000000,54.887810000000002,39137487.501098595559597,135299.846000024990644,E08000023,South Tyneside,,E92000001E08000023,South Tyneside,33727.302
"97",J01000097,Sutton Coldfield,"410775","297225",-1.842430000000000,52.572749999999999,41709976.750289902091026,67199.749999979496351,E08000030,Walsall,,E92000001E08000030,Walsall,3586282.626
"97",J01000097,Sutton Coldfield,"410775","297225",-1.842430000000000,52.572749999999999,41709976.750289902091026,67199.749999979496351,E07000194,Lichfield,,E92000001E07000194,Lichfield,1747046.898
"97",J01000097,Sutton Coldfield,"410775","297225",-1.842430000000000,52.572749999999999,41709976.750289902091026,67199.749999979496351,E08000025,Birmingham,,E92000001E08000025,Birmingham,36409799.301
"98",J01000098,Swansea,"264875","194825",-3.953940000000000,51.635950000000001,49079967.450317397713661,190900.017999981006142,W06000012,Neath Port Talbot,Castell-nedd Port Talbot,W92000004W06000012,Neath Port Talbot,38448.529
"98",J01000098,Swansea,"264875","194825",-3.953940000000000,51.635950000000001,49079967.450317397713661,190900.017999981006142,W06000011,Swansea,Abertawe,W92000004W06000011,Swansea,49058652.264
"99",J01000099,Swindon,"414750","185975",-1.788550000000000,51.572450000000003,46174985.000350996851921,137800.134000015998026,E06000054,Wiltshire,,E92000001E06000054,Wiltshire,409311.992
"99",J01000099,Swindon,"414750","185975",-1.788550000000000,51.572450000000003,46174985.000350996851921,137800.134000015998026,E06000030,Swindon,,E92000001E06000030,Swindon,45802248.927
"100",J01000100,Telford,"366375","312150",-2.499080000000000,52.705979999999997,46185038.150077797472477,247599.650005075003719,E06000020,Telford and Wrekin,,E92000001E06000020,Telford and Wrekin,45420453.177
"100",J01000100,Telford,"366375","312150",-2.499080000000000,52.705979999999997,46185038.150077797472477,247599.650005075003719,E06000051,Shropshire,,E92000001E06000051,Shropshire,800312.837
"101",J01000101,Wakefield,"432575","421550",-1.508200000000000,53.689399999999999,29267515.199127200990915,122899.966000012995210,E08000036,Wakefield,,E92000001E08000036,Wakefield,28331141.285
"101",J01000101,Wakefield,"432575","421550",-1.508200000000000,53.689399999999999,29267515.199127200990915,122899.966000012995210,E08000035,Leeds,,E92000001E08000035,Leeds,958958.972
"102",J01000102,Walsall,"401575","297950",-1.978180000000000,52.579369999999997,15207491.650085400789976,41899.953999983103131,E08000030,Walsall,,E92000001E08000030,Walsall,15179966.561
"102",J01000102,Walsall,"401575","297950",-1.978180000000000,52.579369999999997,15207491.650085400789976,41899.953999983103131,E08000028,Sandwell,,E92000001E08000028,Sandwell,39658.101
"103",J01000103,Warrington,"360750","389075",-2.591730000000000,53.397050000000000,44887579.000335708260536,164400.250001978012733,E06000007,Warrington,,E92000001E06000007,Warrington,44888694.820
"103",J01000103,Warrington,"360750","389075",-2.591730000000000,53.397050000000000,44887579.000335708260536,164400.250001978012733,E08000013,St. Helens,,E92000001E08000013,St. Helens,33036.580
"104",J01000104,Watford,"510700","198150",-0.400560000000000,51.671230000000001,28697478.365119904279709,84899.968800602902775,E07000103,Watford,,E92000001E07000103,Watford,17896581.537
"104",J01000104,Watford,"510700","198150",-0.400560000000000,51.671230000000001,28697478.365119904279709,84899.968800602902775,E07000102,Three Rivers,,E92000001E07000102,Three Rivers,9106077.605
"104",J01000104,Watford,"510700","198150",-0.400560000000000,51.671230000000001,28697478.365119904279709,84899.968800602902775,E07000098,Hertsmere,,E92000001E07000098,Hertsmere,253986.657
"104",J01000104,Watford,"510700","198150",-0.400560000000000,51.671230000000001,28697478.365119904279709,84899.968800602902775,E09000015,Harrow,,E92000001E09000015,Harrow,4793.653
"104",J01000104,Watford,"510700","198150",-0.400560000000000,51.671230000000001,28697478.365119904279709,84899.968800602902775,E07000100,St Albans,,E92000001E07000100,St Albans,1450283.071
"105",J01000105,West Bromwich,"400025","292600",-2.001050000000000,52.531280000000002,18604981.150176998227835,39800.003999989494332,E08000030,Walsall,,E92000001E08000030,Walsall,61224.667
"105",J01000105,West Bromwich,"400025","292600",-2.001050000000000,52.531280000000002,18604981.150176998227835,39800.003999989494332,E08000028,Sandwell,,E92000001E08000028,Sandwell,18558601.321
"106",J01000106,Weston-Super-Mare,"332775","161300",-2.966620000000000,51.346780000000003,18839988.600441001355648,74499.991999968900927,E06000024,North Somerset,,E92000001E06000024,North Somerset,18853011.471
"107",J01000107,Wigan,"357450","405025",-2.643520000000000,53.540149999999997,20440020.093734700232744,64500.097900031396421,E08000010,Wigan,,E92000001E08000010,Wigan,20455395.571
"108",J01000108,Woking,"500225","158275",-0.563290000000000,51.314760000000000,29089975.662513699382544,92799.937100139402901,E07000209,Guildford,,E92000001E07000209,Guildford,13851.740
"108",J01000108,Woking,"500225","158275",-0.563290000000000,51.314760000000000,29089975.662513699382544,92799.937100139402901,E07000217,Woking,,E92000001E07000217,Woking,25155639.970
"108",J01000108,Woking,"500225","158275",-0.563290000000000,51.314760000000000,29089975.662513699382544,92799.937100139402901,E07000212,Runnymede,,E92000001E07000212,Runnymede,2984025.235
"108",J01000108,Woking,"500225","158275",-0.563290000000000,51.314760000000000,29089975.662513699382544,92799.937100139402901,E07000214,Surrey Heath,,E92000001E07000214,Surrey Heath,952415.309
"109",J01000109,Wolverhampton,"390750","299225",-2.137960000000000,52.590760000000003,59325012.199340797960758,131300.020000018004794,E07000196,South Staffordshire,,E92000001E07000196,South Staffordshire,4237985.640
"109",J01000109,Wolverhampton,"390750","299225",-2.137960000000000,52.590760000000003,59325012.199340797960758,131300.020000018004794,E08000030,Walsall,,E92000001E08000030,Walsall,157518.159
"109",J01000109,Wolverhampton,"390750","299225",-2.137960000000000,52.590760000000003,59325012.199340797960758,131300.020000018004794,E08000031,Wolverhampton,,E92000001E08000031,Wolverhampton,54918321.935
"109",J01000109,Wolverhampton,"390750","299225",-2.137960000000000,52.590760000000003,59325012.199340797960758,131300.020000018004794,E08000027,Dudley,,E92000001E08000027,Dudley,58403.031
"110",J01000110,Worcester,"386575","255800",-2.197840000000000,52.200270000000003,24232482.199020400643349,89800.047999987407820,E07000237,Worcester,,E92000001E07000237,Worcester,23463267.416
"110",J01000110,Worcester,"386575","255800",-2.197840000000000,52.200270000000003,24232482.199020400643349,89800.047999987407820,E07000238,Wychavon,,E92000001E07000238,Wychavon,264342.961
"110",J01000110,Worcester,"386575","255800",-2.197840000000000,52.200270000000003,24232482.199020400643349,89800.047999987407820,E07000235,Malvern Hills,,E92000001E07000235,Malvern Hills,524082.378
"111",J01000111,Worthing,"512825","104825",-0.399230000000000,50.831960000000002,24582493.200126599520445,47000.022000016593665,E07000229,Worthing,,E92000001E07000229,Worthing,22335421.950
"111",J01000111,Worthing,"512825","104825",-0.399230000000000,50.831960000000002,24582493.200126599520445,47000.022000016593665,E07000224,Arun,,E92000001E07000224,Arun,2252103.807
"111",J01000111,Worthing,"512825","104825",-0.399230000000000,50.831960000000002,24582493.200126599520445,47000.022000016593665,E07000223,Adur,,E92000001E07000223,Adur,6890.613
"112",J01000112,York,"460225","452150",-1.083570000000000,53.961950000000002,33697505.900329597294331,114599.972001906993682,E06000014,York,,E92000001E06000014,York,33721416.040
