geo_code,geo_label,geo_labelw,label,name,Area,objectid,globalid,name_2,type,asum_dmt,verified,mi_code,sold_ind,adt_angl,dparture,rfrnc,trtmt_in,shft_dmt,depth,sold_dt,trtmt_dt,drift_dp,opencast_f,colliery_n,geo_code_2,geo_label_2,geo_labelw_2,label_2,name_3,Area_2,objectid_2,globalid_2,name_2_2,type_2,asum_dmt_2,verified_2,mi_code_2,sold_ind_2,adt_angl_2,dparture_2,rfrnc_2,trtmt_in_2,shft_dmt_2,depth_2,sold_dt_2,trtmt_dt_2,drift_dp_2,opencast_f_2,colliery_n_2
S12000024,Perth & Kinross,,S92000003S12000024,Perth & Kinross,5421506475.000,122344,{8905C02E-1F24-481E-BF25-09D2FE1FED46},Pieries Burn,Shaft,2.500000000000000,TRUE,Coal,FALSE,"0",8.000000000000000,311695-043,FALSE,,,,,,FALSE,,S12000034,Aberdeenshire,,S92000003S12000034,Aberdeenshire,6343542603.000,,,,,,,,,,,,,,,,,,,
S12000017,Highland,,S92000003S12000017,Highland,26486245104.000,151532,{FC39B753-F8F0-4DE7-93BD-0B129226D68A},Lower Brora Old Shaft,Shaft,2.000000000000000,TRUE,Coal,FALSE,"0",5.000000000000000,290903-001,FALSE,,36.600000000000001,,,,FALSE,,S12000034,Aberdeenshire,,S92000003S12000034,Aberdeenshire,6343542603.000,,,,,,,,,,,,,,,,,,,
E07000121,Lancaster,,E92000001E07000121,Lancaster,655158928.800,157146,{656563B3-E8FB-44B7-9F9D-EA71B38C4BF7},INGLETON,Shaft,2.500000000000000,TRUE,Coal,FALSE,"0",5.000000000000000,359454-001,FALSE,,,,,,FALSE,,E07000128,Wyre,,E92000001E07000128,Wyre,329246772.100,,,,,,,,,,,,,,,,,,,
E07000124,Ribble Valley,,E92000001E07000124,Ribble Valley,584921936.700,100978,{9A1D130C-43E1-47F6-8B54-EBBFC683A854},LANCS,Shaft,2.500000000000000,TRUE,Coal,FALSE,"0",10.000000000000000,375434-023,FALSE,,,,,,FALSE,,E07000128,Wyre,,E92000001E07000128,Wyre,329246772.100,,,,,,,,,,,,,,,,,,,
E06000050,Cheshire West and Chester,,E92000001E06000050,Cheshire West and Chester,941854995.000,39920,{8A604032-D389-4260-8399-C1D81C124045},NORTH WALES,Shaft,2.000000000000000,TRUE,Coal,FALSE,"0",8.000000000000000,328376-036,FALSE,,,,,,FALSE,,E08000012,Liverpool,,E92000001E08000012,Liverpool,133636633.600,,,,,,,,,,,,,,,,,,,
E08000011,Knowsley,,E92000001E08000011,Knowsley,86531894.060,130041,{A9D69204-DB06-46F1-9D07-604EF8BDF6C5},Roscoes Colliery,Shaft,2.500000000000000,TRUE,Coal,FALSE,,10.000000000000000,345389-006,FALSE,,,,,,FALSE,,E08000012,Liverpool,,E92000001E08000012,Liverpool,133636633.600,,,,,,,,,,,,,,,,,,,
E07000108,Dover,,E92000001E07000108,Dover,320452497.200,26991,{E7BD1675-89CA-4C76-85B0-6D8D4F0CA783},Wingham,Shaft,,TRUE,Coal,FALSE,,0.000000000000000,625156-021,TRUE,5.500000000000000,45.700000000000003,,,,FALSE,,E07000112,Shepway,,E92000001E07000112,Shepway,365141729.500,,,,,,,,,,,,,,,,,,,
E07000106,Canterbury,,E92000001E07000106,Canterbury,320770812.100,156696,{D26347F2-81EA-48D2-94B1-8AE5C099B76C},Chislet North,Shaft,,TRUE,Coal,FALSE,,0.000000000000000,620161-015,TRUE,4.900000000000000,448.100000000000023,,,,FALSE,,E07000112,Shepway,,E92000001E07000112,Shepway,365141729.500,,,,,,,,,,,,,,,,,,,
W06000005,Flintshire,Sir y Fflint,W92000004W06000005,Flintshire,489805612.200,39024,{A52BFB25-8110-4C7C-A486-C3B6C65A6063},Bye Pit or No.10 Shaft,Shaft,3.000000000000000,TRUE,Coal,FALSE,"0",5.000000000000000,324372-045,FALSE,,117.000000000000000,,,2.000000000000000,FALSE,,E08000015,Wirral,,E92000001E08000015,Wirral,255201939.800,,,,,,,,,,,,,,,,,,,
E06000050,Cheshire West and Chester,,E92000001E06000050,Cheshire West and Chester,941854995.000,39920,{8A604032-D389-4260-8399-C1D81C124045},NORTH WALES,Shaft,2.000000000000000,TRUE,Coal,FALSE,"0",8.000000000000000,328376-036,FALSE,,,,,,FALSE,,E08000015,Wirral,,E92000001E08000015,Wirral,255201939.800,,,,,,,,,,,,,,,,,,,
E07000220,Rugby,,E92000001E07000220,Rugby,353826377.300,89558,{ED009880-859F-4314-A503-8C5D29229A4B},Harrisons Pit,Shaft,2.000000000000000,TRUE,Coal,FALSE,,8.000000000000000,436284-022,FALSE,,,,,,FALSE,,E07000222,Warwick,,E92000001E07000222,Warwick,283103211.500,,,,,,,,,,,,,,,,,,,
E08000026,Coventry,,E92000001E08000026,Coventry,98722181.310,86763,{E691BEEC-0F06-4F22-AF5F-D1A754967AE7},Binley No.2 Shaft,Shaft,,TRUE,Coal,FALSE,,0.000000000000000,437277-001,TRUE,5.000000000000000,280.000000000000000,1973/10/16 00:00:00.000,,,FALSE,,E07000222,Warwick,,E92000001E07000222,Warwick,283103211.500,,,,,,,,,,,,,,,,,,,
E07000164,Hambleton,,E92000001E07000164,Hambleton,1312222762.000,108038,{844F0240-E2D7-4134-953D-8A440CBF7BF6},NOTTS,Adit,2.500000000000000,TRUE,Coal,FALSE,"69",10.000000000000000,458495-001,FALSE,,,,,,FALSE,,E06000002,Middlesbrough,,E92000001E06000002,Middlesbrough,54599606.990,,,,,,,,,,,,,,,,,,,
E06000003,Redcar and Cleveland,,E92000001E06000003,Redcar and Cleveland,254067967.000,28900,{1F081DF7-B587-45EE-A665-9A6716D8F05A},NOTTS,Shaft,2.500000000000000,TRUE,Ironstone,FALSE,,10.000000000000000,467512-001,FALSE,,,,,,FALSE,,E06000002,Middlesbrough,,E92000001E06000002,Middlesbrough,54599606.990,,,,,,,,,,,,,,,,,,,
E07000046,Torridge,,E92000001E07000046,Torridge,996091209.400,129485,{611DDBA8-0C9C-4CC4-B96A-812BA6ED8187},BIDEFORD,Adit,3.000000000000000,TRUE,Mineral Black,FALSE,"315",5.000000000000000,250125-001,FALSE,,,,,,FALSE,,E07000047,West Devon,,E92000001E07000047,West Devon,1165036420.000,,,,,,,,,,,,,,,,,,,
S12000024,Perth & Kinross,,S92000003S12000024,Perth & Kinross,5421506475.000,122344,{8905C02E-1F24-481E-BF25-09D2FE1FED46},Pieries Burn,Shaft,2.500000000000000,TRUE,Coal,FALSE,"0",8.000000000000000,311695-043,FALSE,,,,,,FALSE,,S12000041,Angus,,S92000003S12000041,Angus,2205814338.000,,,,,,,,,,,,,,,,,,,
S12000021,North Ayrshire,,S92000003S12000021,North Ayrshire,903837787.700,123699,{7575945B-FA69-42D6-815A-9737201F1C57},Burnside Shaft,Shaft,2.500000000000000,TRUE,Coal,FALSE,"0",5.000000000000000,233637-001,TRUE,,49.000000000000000,,1985/01/01 00:00:00.000,,FALSE,,S12000018,Inverclyde,,S92000003S12000018,Inverclyde,173577704.300,,,,,,,,,,,,,,,,,,,
S12000038,Renfrewshire,,S92000003S12000038,Renfrewshire,269284609.300,11142,{82FF42A7-0A8E-4EBD-9D4A-380D9CE7A13B},Quarrelton Old Shaft,Shaft,2.500000000000000,TRUE,Coal,FALSE,"0",8.000000000000000,242662-010,FALSE,,,,,,FALSE,,S12000018,Inverclyde,,S92000003S12000018,Inverclyde,173577704.300,,,,,,,,,,,,,,,,,,,
S12000035,Argyll & Bute,,S92000003S12000035,Argyll & Bute,7160992283.000,109850,{76EE9AAD-36FE-4740-8E09-C84A58921FF2},Kilkivan Old Shaft,Shaft,2.500000000000000,TRUE,Coal,FALSE,"0",8.000000000000000,165620-007,FALSE,,49.000000000000000,,,,FALSE,,S12000018,Inverclyde,,S92000003S12000018,Inverclyde,173577704.300,,,,,,,,,,,,,,,,,,,
S12000039,West Dunbartonshire,,S92000003S12000039,West Dunbartonshire,182813084.600,145849,{6D5D61D3-A13F-4425-AD6E-DA772689EF3E},Duntocher - Old Shaft,Shaft,2.500000000000000,TRUE,Coal,FALSE,"0",0.000000000000000,249671-001,TRUE,2.000000000000000,,,,,FALSE,,S12000018,Inverclyde,,S92000003S12000018,Inverclyde,173577704.300,,,,,,,,,,,,,,,,,,,
E06000047,County Durham,,E92000001E06000047,County Durham,2234497290.000,121388,{6C81A283-63C1-4275-963E-6C0F6723C820},Hetton Hedleys Pit,Shaft,2.500000000000000,TRUE,Coal,FALSE,"0",0.000000000000000,432537-004,TRUE,,73.000000000000000,,,6.000000000000000,FALSE,,E06000001,Hartlepool,,E92000001E06000001,Hartlepool,98508524.480,,,,,,,,,,,,,,,,,,,
E06000003,Redcar and Cleveland,,E92000001E06000003,Redcar and Cleveland,254067967.000,28900,{1F081DF7-B587-45EE-A665-9A6716D8F05A},NOTTS,Shaft,2.500000000000000,TRUE,Ironstone,FALSE,,10.000000000000000,467512-001,FALSE,,,,,,FALSE,,E06000001,Hartlepool,,E92000001E06000001,Hartlepool,98508524.480,,,,,,,,,,,,,,,,,,,
E08000011,Knowsley,,E92000001E08000011,Knowsley,86531894.060,130041,{A9D69204-DB06-46F1-9D07-604EF8BDF6C5},Roscoes Colliery,Shaft,2.500000000000000,TRUE,Coal,FALSE,,10.000000000000000,345389-006,FALSE,,,,,,FALSE,,E08000014,Sefton,,E92000001E08000014,Sefton,204915573.900,,,,,,,,,,,,,,,,,,,
E07000127,West Lancashire,,E92000001E07000127,West Lancashire,381372297.200,100096,{CBBA42C3-8E36-491D-8CA6-29AFA385BAD1},Holland Colliery Air Shaft,Shaft,2.500000000000000,TRUE,Coal,FALSE,"0",5.000000000000000,349403-002,FALSE,,,,,,FALSE,,E08000014,Sefton,,E92000001E08000014,Sefton,204915573.900,,,,,,,,,,,,,,,,,,,
E07000187,Mendip,,E92000001E07000187,Mendip,739997523.500,85467,{2EA879F9-D99A-4E37-B0EB-D057CDAFEA0F},Sherbonne Colliery - Old Shaft,Shaft,2.500000000000000,TRUE,Coal,FALSE,"0",10.000000000000000,359155-002,FALSE,,,,,,FALSE,,E07000189,South Somerset,,E92000001E07000189,South Somerset,959763789.000,,,,,,,,,,,,,,,,,,,
E07000031,South Lakeland,,E92000001E07000031,South Lakeland,1744189641.000,7714,{AB5B37F9-0168-4ED8-A316-BCE300EC98D7},INGLETON,Shaft,2.500000000000000,TRUE,Coal,FALSE,"0",10.000000000000000,367482-001,FALSE,,,,,,FALSE,,E07000027,Barrow-in-Furness,,E92000001E07000027,Barrow-in-Furness,132148957.700,,,,,,,,,,,,,,,,,,,
E07000029,Copeland,,E92000001E07000029,Copeland,776010225.200,130166,{507FB2B3-3E62-466C-AC76-920CC2C48388},Gillfoot No 6 Shaft,Shaft,,TRUE,Ironstone,FALSE,,5.000000000000000,300511-001,TRUE,4.000000000000000,160.000000000000000,,2005/06/01 00:00:00.000,,FALSE,,E07000027,Barrow-in-Furness,,E92000001E07000027,Barrow-in-Furness,132148957.700,,,,,,,,,,,,,,,,,,,
E07000133,Melton,,E92000001E07000133,Melton,481690129.900,146526,{E51CA9CA-BD3B-4EC8-ABCD-488AEFB76A2F},Downcast Shaft,Shaft,,TRUE,Coal,TRUE,,0.000000000000000,472320-001,TRUE,7.300000000000000,514.769999950000056,2006/02/24 00:00:00.000,,,FALSE,ASFORDBY,E07000141,South Kesteven,,E92000001E07000141,South Kesteven,943113046.500,,,,,,,,,,,,,,,,,,,
E07000175,Newark and Sherwood,,E92000001E07000175,Newark and Sherwood,652249134.400,148093,{B923E3C7-E4B9-464B-AB11-32D6D9E4A1C6},No.1 Shaft,Shaft,,TRUE,Coal,FALSE,,0.000000000000000,459360-001,TRUE,6.400000000000000,540.000000000000000,,,,FALSE,RUFFORD,E07000141,South Kesteven,,E92000001E07000141,South Kesteven,943113046.500,,,,,,,,,,,,,,,,,,,
E08000025,Birmingham,,E92000001E08000025,Birmingham,268001023.700,63921,{5C2B9BB9-BC3A-4956-902C-4EE322CA94BC},SOUTH STAFFS,Shaft,2.700000000000000,TRUE,Coal,FALSE,,8.000000000000000,405292-001,FALSE,,120.700000000000003,,,,FALSE,,E08000029,Solihull,,E92000001E08000029,Solihull,178428597.900,,,,,,,,,,,,,,,,,,,
E07000234,Bromsgrove,,E92000001E07000234,Bromsgrove,217142086.700,56465,{173C7799-2EA3-4709-A5D8-5AFDAF9C3662},Wassel Grove,Shaft,2.700000000000000,TRUE,Coal,FALSE,,0.000000000000000,393282-001,TRUE,,,,,,FALSE,,E08000029,Solihull,,E92000001E08000029,Solihull,178428597.900,,,,,,,,,,,,,,,,,,,
E07000218,North Warwickshire,,E92000001E07000218,North Warwickshire,284488744.900,159753,{F6C695AE-44FA-456B-A7C2-4C5D144E302F},WARWICK,Shaft,2.000000000000000,TRUE,Coal,FALSE,,8.000000000000000,431293-002,FALSE,,,,,,FALSE,,E08000029,Solihull,,E92000001E08000029,Solihull,178428597.900,,,,,,,,,,,,,,,,,,,
E08000026,Coventry,,E92000001E08000026,Coventry,98722181.310,86763,{E691BEEC-0F06-4F22-AF5F-D1A754967AE7},Binley No.2 Shaft,Shaft,,TRUE,Coal,FALSE,,0.000000000000000,437277-001,TRUE,5.000000000000000,280.000000000000000,1973/10/16 00:00:00.000,,,FALSE,,E08000029,Solihull,,E92000001E08000029,Solihull,178428597.900,,,,,,,,,,,,,,,,,,,
E07000234,Bromsgrove,,E92000001E07000234,Bromsgrove,217142086.700,56465,{173C7799-2EA3-4709-A5D8-5AFDAF9C3662},Wassel Grove,Shaft,2.700000000000000,TRUE,Coal,FALSE,,0.000000000000000,393282-001,TRUE,,,,,,FALSE,,E07000221,Stratford-on-Avon,,E92000001E07000221,Stratford-on-Avon,978627191.200,,,,,,,,,,,,,,,,,,,
E07000220,Rugby,,E92000001E07000220,Rugby,353826377.300,89558,{ED009880-859F-4314-A503-8C5D29229A4B},Harrisons Pit,Shaft,2.000000000000000,TRUE,Coal,FALSE,,8.000000000000000,436284-022,FALSE,,,,,,FALSE,,E07000221,Stratford-on-Avon,,E92000001E07000221,Stratford-on-Avon,978627191.200,,,,,,,,,,,,,,,,,,,
W06000005,Flintshire,Sir y Fflint,W92000004W06000005,Flintshire,489805612.200,39024,{A52BFB25-8110-4C7C-A486-C3B6C65A6063},Bye Pit or No.10 Shaft,Shaft,3.000000000000000,TRUE,Coal,FALSE,"0",5.000000000000000,324372-045,FALSE,,117.000000000000000,,,2.000000000000000,FALSE,,W06000004,Denbighshire,Sir Ddinbych,W92000004W06000004,Denbighshire,846791153.500,,,,,,,,,,,,,,,,,,,
W06000006,Wrexham,Wrecsam,W92000004W06000006,Wrexham,504118291.200,40120,{C2B776EE-DE4C-400D-BD04-B2A3449C1983},NORTH WALES,Shaft,,TRUE,Coal,FALSE,"0",0.000000000000000,327354-249,FALSE,1.500000000000000,,,,,FALSE,,W06000004,Denbighshire,Sir Ddinbych,W92000004W06000004,Denbighshire,846791153.500,,,,,,,,,,,,,,,,,,,
W06000023,Powys,Powys,W92000004W06000023,Powys,5198313040.000,42286,{8FF5B445-6D6E-4D18-82FE-FB008E9CB9D6},Brynhenllys No 1 Return Slant,Adit,1.700000000000000,TRUE,Coal,FALSE,"135",0.000000000000000,275212-023,TRUE,,,,1999/12/08 00:00:00.000,,FALSE,,W06000004,Denbighshire,Sir Ddinbych,W92000004W06000004,Denbighshire,846791153.500,,,,,,,,,,,,,,,,,,,
E07000046,Torridge,,E92000001E07000046,Torridge,996091209.400,129485,{611DDBA8-0C9C-4CC4-B96A-812BA6ED8187},BIDEFORD,Adit,3.000000000000000,TRUE,Mineral Black,FALSE,"315",5.000000000000000,250125-001,FALSE,,,,,,FALSE,,E41000052,"Cornwall,Isles of Scilly",,E92000001E41000052,"Cornwall,Isles of Scilly",3635522173.000,,,,,,,,,,,,,,,,,,,
E06000025,South Gloucestershire,,E92000001E06000025,South Gloucestershire,537338840.400,78415,{43B69B6F-2A30-426F-9F81-D604D896FCA3},BRISTOL,Shaft,2.500000000000000,TRUE,Coal,FALSE,"0",10.000000000000000,359183-001,FALSE,,,,,,FALSE,,E06000054,Wiltshire,,E92000001E06000054,Wiltshire,3257922883.000,,,,,,,,,,,,,,,,,,,
E07000187,Mendip,,E92000001E07000187,Mendip,739997523.500,85467,{2EA879F9-D99A-4E37-B0EB-D057CDAFEA0F},Sherbonne Colliery - Old Shaft,Shaft,2.500000000000000,TRUE,Coal,FALSE,"0",10.000000000000000,359155-002,FALSE,,,,,,FALSE,,E06000054,Wiltshire,,E92000001E06000054,Wiltshire,3257922883.000,,,,,,,,,,,,,,,,,,,
E06000022,Bath and North East Somerset,,E92000001E06000022,Bath and North East Somerset,351393219.500,87303,{D1708078-5573-4125-8244-F2170D29686D},Old shaft,Shaft,2.500000000000000,TRUE,Coal,FALSE,"0",10.000000000000000,357164-001,FALSE,,,,,,FALSE,,E06000054,Wiltshire,,E92000001E06000054,Wiltshire,3257922883.000,,,,,,,,,,,,,,,,,,,
S12000017,Highland,,S92000003S12000017,Highland,26486245104.000,151532,{FC39B753-F8F0-4DE7-93BD-0B129226D68A},Lower Brora Old Shaft,Shaft,2.000000000000000,TRUE,Coal,FALSE,"0",5.000000000000000,290903-001,FALSE,,36.600000000000001,,,,FALSE,,S12000020,Moray,,S92000003S12000020,Moray,2258544117.000,,,,,,,,,,,,,,,,,,,
E07000239,Wyre Forest,,E92000001E07000239,Wyre Forest,195559808.600,55789,{13C12C16-FC00-423B-BC67-96B0B92325D3},Stilehouse,Shaft,1.800000000000000,TRUE,Coal,FALSE,,10.000000000000000,371269-003,TRUE,,,,,,FALSE,,E07000238,Wychavon,,E92000001E07000238,Wychavon,664070253.000,,,,,,,,,,,,,,,,,,,
E07000234,Bromsgrove,,E92000001E07000234,Bromsgrove,217142086.700,56465,{173C7799-2EA3-4709-A5D8-5AFDAF9C3662},Wassel Grove,Shaft,2.700000000000000,TRUE,Coal,FALSE,,0.000000000000000,393282-001,TRUE,,,,,,FALSE,,E07000238,Wychavon,,E92000001E07000238,Wychavon,664070253.000,,,,,,,,,,,,,,,,,,,
E07000235,Malvern Hills,,E92000001E07000235,Malvern Hills,577523251.500,55883,{88BB5B68-B018-48EA-B60A-0A70720CB65D},SHROPSHIRE,Shaft,2.000000000000000,TRUE,Coal,FALSE,,10.000000000000000,372268-003,FALSE,,,,,,FALSE,,E07000238,Wychavon,,E92000001E07000238,Wychavon,664070253.000,,,,,,,,,,,,,,,,,,,
E07000234,Bromsgrove,,E92000001E07000234,Bromsgrove,217142086.700,56465,{173C7799-2EA3-4709-A5D8-5AFDAF9C3662},Wassel Grove,Shaft,2.700000000000000,TRUE,Coal,FALSE,,0.000000000000000,393282-001,TRUE,,,,,,FALSE,,E07000236,Redditch,,E92000001E07000236,Redditch,54293549.830,,,,,,,,,,,,,,,,,,,
E06000024,North Somerset,,E92000001E06000024,North Somerset,391135622.500,78487,{49B9F124-9414-4BE2-9125-401386A2AEAB},Old Shaft,Shaft,2.500000000000000,TRUE,Coal,FALSE,"0",10.000000000000000,345169-001,FALSE,,100.000000000000000,,,,FALSE,,E07000188,Sedgemoor,,E92000001E07000188,Sedgemoor,606594172.900,,,,,,,,,,,,,,,,,,,
E07000187,Mendip,,E92000001E07000187,Mendip,739997523.500,85467,{2EA879F9-D99A-4E37-B0EB-D057CDAFEA0F},Sherbonne Colliery - Old Shaft,Shaft,2.500000000000000,TRUE,Coal,FALSE,"0",10.000000000000000,359155-002,FALSE,,,,,,FALSE,,E07000188,Sedgemoor,,E92000001E07000188,Sedgemoor,606594172.900,,,,,,,,,,,,,,,,,,,
S12000024,Perth & Kinross,,S92000003S12000024,Perth & Kinross,5421506475.000,122344,{8905C02E-1F24-481E-BF25-09D2FE1FED46},Pieries Burn,Shaft,2.500000000000000,TRUE,Coal,FALSE,"0",8.000000000000000,311695-043,FALSE,,,,,,FALSE,,S12000042,Dundee City,,S92000003S12000042,Dundee City,62270124.570,,,,,,,,,,,,,,,,,,,
E08000013,St. Helens,,E92000001E08000013,St. Helens,136482435.000,3041,{5DEC6C85-C215-4995-BC67-DEA34B233EC9},LANCS,Shaft,2.500000000000000,TRUE,Coal,FALSE,,8.000000000000000,351394-064,TRUE,,,,,,FALSE,,E06000006,Halton,,E92000001E06000006,Halton,90399289.030,,,,,,,,,,,,,,,,,,,
E06000050,Cheshire West and Chester,,E92000001E06000050,Cheshire West and Chester,941854995.000,39920,{8A604032-D389-4260-8399-C1D81C124045},NORTH WALES,Shaft,2.000000000000000,TRUE,Coal,FALSE,"0",8.000000000000000,328376-036,FALSE,,,,,,FALSE,,E06000006,Halton,,E92000001E06000006,Halton,90399289.030,,,,,,,,,,,,,,,,,,,
E06000007,Warrington,,E92000001E06000007,Warrington,182517834.400,158548,{250F389D-C226-4DE4-8FDC-E2B7E8AB10AB},Collins Green No 2 Water Pit,Shaft,,TRUE,Coal,TRUE,,5.000000000000000,355394-004,TRUE,2.740000000000000,88.000000000000000,,,,FALSE,,E06000006,Halton,,E92000001E06000006,Halton,90399289.030,,,,,,,,,,,,,,,,,,,
E08000011,Knowsley,,E92000001E08000011,Knowsley,86531894.060,130041,{A9D69204-DB06-46F1-9D07-604EF8BDF6C5},Roscoes Colliery,Shaft,2.500000000000000,TRUE,Coal,FALSE,,10.000000000000000,345389-006,FALSE,,,,,,FALSE,,E06000006,Halton,,E92000001E06000006,Halton,90399289.030,,,,,,,,,,,,,,,,,,,
E07000127,West Lancashire,,E92000001E07000127,West Lancashire,381372297.200,100096,{CBBA42C3-8E36-491D-8CA6-29AFA385BAD1},Holland Colliery Air Shaft,Shaft,2.500000000000000,TRUE,Coal,FALSE,"0",5.000000000000000,349403-002,FALSE,,,,,,FALSE,,E07000119,Fylde,,E92000001E07000119,Fylde,182755131.000,,,,,,,,,,,,,,,,,,,
E07000171,Bassetlaw,,E92000001E07000171,Bassetlaw,639990058.200,150937,{0406363D-4551-474C-8145-AD572FEB3A02},No.2 Shaft,Shaft,,TRUE,Coal,TRUE,,0.000000000000000,462391-002,TRUE,6.800000000000000,895.799999980000052,2001/07/11 00:00:00.000,,,FALSE,HARWORTH,E06000013,North Lincolnshire,,E92000001E06000013,North Lincolnshire,876120205.500,,,,,,,,,,,,,,,,,,,
E08000017,Doncaster,,E92000001E08000017,Doncaster,568922904.800,145941,{9DBB3E7F-71C0-4786-80DE-056BDA4E0C80},No.2 Shaft,Shaft,,TRUE,Coal,FALSE,,0.000000000000000,453409-001,TRUE,5.000000000000000,625.000000000000000,,,,FALSE,BULLCROFT,E06000013,North Lincolnshire,,E92000001E06000013,North Lincolnshire,876120205.500,,,,,,,,,,,,,,,,,,,
E07000039,South Derbyshire,,E92000001E07000039,South Derbyshire,338383095.600,142373,{381593F2-3AA7-4788-B1E8-BB963BE194C2},Overseal Colliery Short Heath,Shaft,2.500000000000000,TRUE,Coal,FALSE,,8.000000000000000,430315-002,FALSE,,54.899999999999999,,,,FALSE,,E06000015,Derby,,E92000001E06000015,Derby,78090778.000,,,,,,,,,,,,,,,,,,,
E07000032,Amber Valley,,E92000001E07000032,Amber Valley,265588303.700,55548,{613E1EE4-D2E2-49AC-9618-EEA48D30CCF7},NOTTS,Shaft,2.000000000000000,TRUE,Coal,FALSE,,8.000000000000000,440342-001,FALSE,,3.700000000000000,,,,FALSE,,E06000015,Derby,,E92000001E06000015,Derby,78090778.000,,,,,,,,,,,,,,,,,,,
E07000036,Erewash,,E92000001E07000036,Erewash,109711605.600,55815,{49E53A03-DC1B-44AF-B82F-EB3E3066B316},NOTTS,Shaft,2.000000000000000,TRUE,Coal,FALSE,,8.000000000000000,444339-012,FALSE,,,,,,FALSE,,E06000015,Derby,,E92000001E06000015,Derby,78090778.000,,,,,,,,,,,,,,,,,,,
E06000025,South Gloucestershire,,E92000001E06000025,South Gloucestershire,537338840.400,78415,{43B69B6F-2A30-426F-9F81-D604D896FCA3},BRISTOL,Shaft,2.500000000000000,TRUE,Coal,FALSE,"0",10.000000000000000,359183-001,FALSE,,,,,,FALSE,,E07000082,Stroud,,E92000001E07000082,Stroud,476400796.300,,,,,,,,,,,,,,,,,,,
E07000080,Forest of Dean,,E92000001E07000080,Forest of Dean,562022104.300,22322,{F5ECC3E2-2556-4472-98A5-7B06C8D12B77},Level,Adit,2.000000000000000,TRUE,Coal,FALSE,"61",8.000000000000000,356212-087,FALSE,,,,,,FALSE,,E07000082,Stroud,,E92000001E07000082,Stroud,476400796.300,,,,,,,,,,,,,,,,,,,
E07000133,Melton,,E92000001E07000133,Melton,481690129.900,146526,{E51CA9CA-BD3B-4EC8-ABCD-488AEFB76A2F},Downcast Shaft,Shaft,,TRUE,Coal,TRUE,,0.000000000000000,472320-001,TRUE,7.300000000000000,514.769999950000056,2006/02/24 00:00:00.000,,,FALSE,ASFORDBY,E06000017,Rutland,,E92000001E06000017,Rutland,393979207.900,,,,,,,,,,,,,,,,,,,
E07000108,Dover,,E92000001E07000108,Dover,320452497.200,26991,{E7BD1675-89CA-4C76-85B0-6D8D4F0CA783},Wingham,Shaft,,TRUE,Coal,FALSE,,0.000000000000000,625156-021,TRUE,5.500000000000000,45.700000000000003,,,,FALSE,,E07000114,Thanet,,E92000001E07000114,Thanet,112268892.400,,,,,,,,,,,,,,,,,,,
E07000106,Canterbury,,E92000001E07000106,Canterbury,320770812.100,156696,{D26347F2-81EA-48D2-94B1-8AE5C099B76C},Chislet North,Shaft,,TRUE,Coal,FALSE,,0.000000000000000,620161-015,TRUE,4.900000000000000,448.100000000000023,,,,FALSE,,E07000114,Thanet,,E92000001E07000114,Thanet,112268892.400,,,,,,,,,,,,,,,,,,,
E07000106,Canterbury,,E92000001E07000106,Canterbury,320770812.100,156696,{D26347F2-81EA-48D2-94B1-8AE5C099B76C},Chislet North,Shaft,,TRUE,Coal,FALSE,,0.000000000000000,620161-015,TRUE,4.900000000000000,448.100000000000023,,,,FALSE,,E07000105,Ashford,,E92000001E07000105,Ashford,580526994.100,,,,,,,,,,,,,,,,,,,
E07000118,Chorley,,E92000001E07000118,Chorley,203058530.500,136334,{58F42C6D-BB86-4661-9BBA-F22F583A21F0},Wilders Moor,Shaft,2.500000000000000,TRUE,Coal,FALSE,,10.000000000000000,364413-001,FALSE,,,,,,FALSE,,E07000126,South Ribble,,E92000001E07000126,South Ribble,114700150.900,,,,,,,,,,,,,,,,,,,
E07000127,West Lancashire,,E92000001E07000127,West Lancashire,381372297.200,100096,{CBBA42C3-8E36-491D-8CA6-29AFA385BAD1},Holland Colliery Air Shaft,Shaft,2.500000000000000,TRUE,Coal,FALSE,"0",5.000000000000000,349403-002,FALSE,,,,,,FALSE,,E07000126,South Ribble,,E92000001E07000126,South Ribble,114700150.900,,,,,,,,,,,,,,,,,,,
E07000124,Ribble Valley,,E92000001E07000124,Ribble Valley,584921936.700,100978,{9A1D130C-43E1-47F6-8B54-EBBFC683A854},LANCS,Shaft,2.500000000000000,TRUE,Coal,FALSE,"0",10.000000000000000,375434-023,FALSE,,,,,,FALSE,,E07000126,South Ribble,,E92000001E07000126,South Ribble,114700150.900,,,,,,,,,,,,,,,,,,,
E06000008,Blackburn with Darwen,,E92000001E06000008,Blackburn with Darwen,137118693.500,143974,{562E4414-60E8-4A39-9B58-3804A8905AB1},LANCS,Adit,2.500000000000000,TRUE,Coal,FALSE,"38",10.000000000000000,375417-001,FALSE,,,,,,FALSE,,E07000126,South Ribble,,E92000001E07000126,South Ribble,114700150.900,,,,,,,,,,,,,,,,,,,
W06000021,Monmouthshire,Sir Fynwy,W92000004W06000021,Monmouthshire,886243843.100,69817,{5CD50CF4-8B2F-4BC5-A6ED-AACBCB808474},SOUTH WALES,Adit,2.500000000000000,TRUE,Coal,FALSE,"164",8.000000000000000,321211-073,FALSE,,,,,,FALSE,,W06000022,Newport,Casnewydd,W92000004W06000022,Newport,218504535.800,,,,,,,,,,,,,,,,,,,
W06000015,Cardiff,Caerdydd,W92000004W06000015,Cardiff,149592049.700,53752,{7CFF19B5-3D0B-4F47-B09F-64C9433AD449},SOUTH WALES,Shaft,2.500000000000000,TRUE,Lead,FALSE,"0",10.000000000000000,307182-021,FALSE,,,,,,FALSE,,W06000022,Newport,Casnewydd,W92000004W06000022,Newport,218504535.800,,,,,,,,,,,,,,,,,,,
W06000018,Caerphilly,Caerffili,W92000004W06000018,Caerphilly,277624627.700,75807,{5778CA48-5CCD-41F3-B891-9576CB24BDCF},Llanbradach Colliery - No.2 Shaft,Shaft,,TRUE,Coal,TRUE,,5.000000000000000,314190-001,TRUE,6.100000000000000,534.000000000000000,1968/12/13 00:00:00.000,1964/01/01 00:00:00.000,,FALSE,,W06000022,Newport,Casnewydd,W92000004W06000022,Newport,218504535.800,,,,,,,,,,,,,,,,,,,
W06000020,Torfaen,Tor-faen,W92000004W06000020,Torfaen,126259911.700,70104,{98F12DF6-3531-4A1F-A023-061F33FB6E6C},SOUTH WALES,Shaft,2.500000000000000,TRUE,Coal,FALSE,"0",8.000000000000000,324206-023,FALSE,,,,,,FALSE,,W06000022,Newport,Casnewydd,W92000004W06000022,Newport,218504535.800,,,,,,,,,,,,,,,,,,,
W06000010,Carmarthenshire,Sir Gaerfyrddin,W92000004W06000010,Carmarthenshire,2439552578.000,34061,{267EECCC-A77F-4F3D-86D4-580C22C81F57},Old Shaft,Shaft,2.500000000000000,TRUE,Coal,FALSE,"0",5.000000000000000,251197-001,FALSE,,39.299999999999997,,,,FALSE,,W06000008,Ceredigion,Ceredigion,W92000004W06000008,Ceredigion,1806424512.000,,,,,,,,,,,,,,,,,,,
W06000023,Powys,Powys,W92000004W06000023,Powys,5198313040.000,42286,{8FF5B445-6D6E-4D18-82FE-FB008E9CB9D6},Brynhenllys No 1 Return Slant,Adit,1.700000000000000,TRUE,Coal,FALSE,"135",0.000000000000000,275212-023,TRUE,,,,1999/12/08 00:00:00.000,,FALSE,,W06000008,Ceredigion,Ceredigion,W92000004W06000008,Ceredigion,1806424512.000,,,,,,,,,,,,,,,,,,,
W06000009,Pembrokeshire,Sir Benfro,W92000004W06000009,Pembrokeshire,1649910821.000,35842,{537634BE-72A5-4A6D-B66B-11D5DB2880FE},PEMBROKE,Adit,3.000000000000000,TRUE,Coal,FALSE,"63",10.000000000000000,185221-018,FALSE,,,,,,FALSE,,W06000008,Ceredigion,Ceredigion,W92000004W06000008,Ceredigion,1806424512.000,,,,,,,,,,,,,,,,,,,
E07000080,Forest of Dean,,E92000001E07000080,Forest of Dean,562022104.300,22322,{F5ECC3E2-2556-4472-98A5-7B06C8D12B77},Level,Adit,2.000000000000000,TRUE,Coal,FALSE,"61",8.000000000000000,356212-087,FALSE,,,,,,FALSE,,E07000083,Tewkesbury,,E92000001E07000083,Tewkesbury,415302888.300,,,,,,,,,,,,,,,,,,,
E07000235,Malvern Hills,,E92000001E07000235,Malvern Hills,577523251.500,55883,{88BB5B68-B018-48EA-B60A-0A70720CB65D},SHROPSHIRE,Shaft,2.000000000000000,TRUE,Coal,FALSE,,10.000000000000000,372268-003,FALSE,,,,,,FALSE,,E07000083,Tewkesbury,,E92000001E07000083,Tewkesbury,415302888.300,,,,,,,,,,,,,,,,,,,
E07000132,Hinckley and Bosworth,,E92000001E07000132,Hinckley and Bosworth,297573830.400,151123,{500D60F8-5B23-4B82-98C9-F0BDA5467856},Nailstone Surface Drift,Adit,3.000000000000000,TRUE,Coal,TRUE,"244",0.000000000000000,442308-004,TRUE,,,2005/03/07 00:00:00.000,,,FALSE,,E07000129,Blaby,,E92000001E07000129,Blaby,130561763.000,,,,,,,,,,,,,,,,,,,
E07000220,Rugby,,E92000001E07000220,Rugby,353826377.300,89558,{ED009880-859F-4314-A503-8C5D29229A4B},Harrisons Pit,Shaft,2.000000000000000,TRUE,Coal,FALSE,,8.000000000000000,436284-022,FALSE,,,,,,FALSE,,E07000129,Blaby,,E92000001E07000129,Blaby,130561763.000,,,,,,,,,,,,,,,,,,,
E07000235,Malvern Hills,,E92000001E07000235,Malvern Hills,577523251.500,55883,{88BB5B68-B018-48EA-B60A-0A70720CB65D},SHROPSHIRE,Shaft,2.000000000000000,TRUE,Coal,FALSE,,10.000000000000000,372268-003,FALSE,,,,,,FALSE,,E07000237,Worcester,,E92000001E07000237,Worcester,33304506.000,,,,,,,,,,,,,,,,,,,
E06000025,South Gloucestershire,,E92000001E06000025,South Gloucestershire,537338840.400,78415,{43B69B6F-2A30-426F-9F81-D604D896FCA3},BRISTOL,Shaft,2.500000000000000,TRUE,Coal,FALSE,"0",10.000000000000000,359183-001,FALSE,,,,,,FALSE,,E07000079,Cotswold,,E92000001E07000079,Cotswold,1165443744.000,,,,,,,,,,,,,,,,,,,
E07000132,Hinckley and Bosworth,,E92000001E07000132,Hinckley and Bosworth,297573830.400,151123,{500D60F8-5B23-4B82-98C9-F0BDA5467856},Nailstone Surface Drift,Adit,3.000000000000000,TRUE,Coal,TRUE,"244",0.000000000000000,442308-004,TRUE,,,2005/03/07 00:00:00.000,,,FALSE,,E07000130,Charnwood,,E92000001E07000130,Charnwood,279256968.800,,,,,,,,,,,,,,,,,,,
E07000176,Rushcliffe,,E92000001E07000176,Rushcliffe,409519767.600,55374,{936FDDAF-902A-4224-8E16-DD591B2A9B0A},No.10 Shaft,Shaft,2.000000000000000,TRUE,Anhydrite,FALSE,,8.000000000000000,468335-003,FALSE,,,,,,FALSE,,E07000130,Charnwood,,E92000001E07000130,Charnwood,279256968.800,,,,,,,,,,,,,,,,,,,
E07000134,North West Leicestershire,,E92000001E07000134,North West Leicestershire,279539456.300,87635,{BDFC2981-D743-4C5C-8FAB-38D79E84E38D},Snarestone Well No.2,Shaft,2.400000000000000,TRUE,Coal,FALSE,,0.000000000000000,434309-001,FALSE,,,,,,FALSE,,E07000130,Charnwood,,E92000001E07000130,Charnwood,279256968.800,,,,,,,,,,,,,,,,,,,
E07000133,Melton,,E92000001E07000133,Melton,481690129.900,146526,{E51CA9CA-BD3B-4EC8-ABCD-488AEFB76A2F},Downcast Shaft,Shaft,,TRUE,Coal,TRUE,,0.000000000000000,472320-001,TRUE,7.300000000000000,514.769999950000056,2006/02/24 00:00:00.000,,,FALSE,ASFORDBY,E07000130,Charnwood,,E92000001E07000130,Charnwood,279256968.800,,,,,,,,,,,,,,,,,,,
E07000106,Canterbury,,E92000001E07000106,Canterbury,320770812.100,156696,{D26347F2-81EA-48D2-94B1-8AE5C099B76C},Chislet North,Shaft,,TRUE,Coal,FALSE,,0.000000000000000,620161-015,TRUE,4.900000000000000,448.100000000000023,,,,FALSE,,E07000113,Swale,,E92000001E07000113,Swale,422033437.500,,,,,,,,,,,,,,,,,,,
E07000167,Ryedale,,E92000001E07000167,Ryedale,1507582479.000,31574,{3E60F07C-6DB7-4AC3-9AB2-A85138D8B675},NOTTS,Shaft,2.500000000000000,TRUE,Coal,FALSE,"0",10.000000000000000,464495-074,FALSE,,,,,,FALSE,,E06000011,East Riding of Yorkshire,,E92000001E06000011,East Riding of Yorkshire,2498318143.000,,,,,,,,,,,,,,,,,,,
E07000168,Scarborough,,E92000001E07000168,Scarborough,827023903.400,30214,{1D086609-8554-4C9C-8811-61FF1DE1FC3B},NOTTS,Shaft,2.000000000000000,TRUE,Coal,FALSE,"0",10.000000000000000,466501-002,FALSE,,,,,,FALSE,,E06000011,East Riding of Yorkshire,,E92000001E06000011,East Riding of Yorkshire,2498318143.000,,,,,,,,,,,,,,,,,,,
E08000017,Doncaster,,E92000001E08000017,Doncaster,568922904.800,145941,{9DBB3E7F-71C0-4786-80DE-056BDA4E0C80},No.2 Shaft,Shaft,,TRUE,Coal,FALSE,,0.000000000000000,453409-001,TRUE,5.000000000000000,625.000000000000000,,,,FALSE,BULLCROFT,E06000011,East Riding of Yorkshire,,E92000001E06000011,East Riding of Yorkshire,2498318143.000,,,,,,,,,,,,,,,,,,,
E06000014,York,,E92000001E06000014,York,272205644.300,159574,{A59C1D47-994C-480E-A0BD-755F01C0A0CA},No.2 Shaft,Shaft,,TRUE,Coal,TRUE,,0.000000000000000,464444-002,TRUE,7.315000000000000,1045.000000000000000,2003/09/17 00:00:00.000,,,FALSE,NORTH SELBY,E06000011,East Riding of Yorkshire,,E92000001E06000011,East Riding of Yorkshire,2498318143.000,,,,,,,,,,,,,,,,,,,
E07000169,Selby,,E92000001E07000169,Selby,602655886.900,159937,{56596DE7-FC5A-4280-A3F4-D90693224763},Gascoigne Wood Adit,Adit,,TRUE,Coal,TRUE,"53",0.000000000000000,452431-001,TRUE,4.880000000000000,,2003/09/17 00:00:00.000,,,FALSE,,E06000011,East Riding of Yorkshire,,E92000001E06000011,East Riding of Yorkshire,2498318143.000,,,,,,,,,,,,,,,,,,,
E07000043,North Devon,,E92000001E07000043,North Devon,1105997633.000,129484,{001893AE-EF2A-4704-8F50-941104518286},BIDEFORD,Shaft,2.500000000000000,TRUE,Mineral Black,FALSE,"0",10.000000000000000,248126-004,FALSE,,,,,,FALSE,,E07000191,West Somerset,,E92000001E07000191,West Somerset,749454697.500,,,,,,,,,,,,,,,,,,,
E07000043,North Devon,,E92000001E07000043,North Devon,1105997633.000,129484,{001893AE-EF2A-4704-8F50-941104518286},BIDEFORD,Shaft,2.500000000000000,TRUE,Mineral Black,FALSE,"0",10.000000000000000,248126-004,FALSE,,,,,,FALSE,,E07000042,Mid Devon,,E92000001E07000042,Mid Devon,913391349.400,,,,,,,,,,,,,,,,,,,
E07000046,Torridge,,E92000001E07000046,Torridge,996091209.400,129485,{611DDBA8-0C9C-4CC4-B96A-812BA6ED8187},BIDEFORD,Adit,3.000000000000000,TRUE,Mineral Black,FALSE,"315",5.000000000000000,250125-001,FALSE,,,,,,FALSE,,E07000042,Mid Devon,,E92000001E07000042,Mid Devon,913391349.400,,,,,,,,,,,,,,,,,,,
E07000220,Rugby,,E92000001E07000220,Rugby,353826377.300,89558,{ED009880-859F-4314-A503-8C5D29229A4B},Harrisons Pit,Shaft,2.000000000000000,TRUE,Coal,FALSE,,8.000000000000000,436284-022,FALSE,,,,,,FALSE,,E07000151,Daventry,,E92000001E07000151,Daventry,666066982.200,,,,,,,,,,,,,,,,,,,
W06000023,Powys,Powys,W92000004W06000023,Powys,5198313040.000,42286,{8FF5B445-6D6E-4D18-82FE-FB008E9CB9D6},Brynhenllys No 1 Return Slant,Adit,1.700000000000000,TRUE,Coal,FALSE,"135",0.000000000000000,275212-023,TRUE,,,,1999/12/08 00:00:00.000,,FALSE,,W06000002,Gwynedd,Gwynedd,W92000004W06000002,Gwynedd,2623191134.000,,,,,,,,,,,,,,,,,,,
E06000049,Cheshire East,,E92000001E06000049,Cheshire East,1167286764.000,30451,{15B91FBB-9254-4BCA-A08E-88699E914DBC},Eddisbury Hill Colliery Shaft,Shaft,3.000000000000000,TRUE,Coal,FALSE,"0",8.000000000000000,393373-008,FALSE,,57.000000000000000,,,,FALSE,,E08000009,Trafford,,E92000001E08000009,Trafford,106118806.400,,,,,,,,,,,,,,,,,,,
E08000006,Salford,,E92000001E08000006,Salford,97265710.040,4299,{0186CFA4-AFB7-43A5-8D4D-F6E9F95FB8A1},LANCS,Shaft,2.500000000000000,TRUE,Coal,FALSE,"0",8.000000000000000,372403-015,FALSE,,,,,,FALSE,,E08000009,Trafford,,E92000001E08000009,Trafford,106118806.400,,,,,,,,,,,,,,,,,,,
E06000007,Warrington,,E92000001E06000007,Warrington,182517834.400,158548,{250F389D-C226-4DE4-8FDC-E2B7E8AB10AB},Collins Green No 2 Water Pit,Shaft,,TRUE,Coal,TRUE,,5.000000000000000,355394-004,TRUE,2.740000000000000,88.000000000000000,,,,FALSE,,E08000009,Trafford,,E92000001E08000009,Trafford,106118806.400,,,,,,,,,,,,,,,,,,,
E08000003,Manchester,,E92000001E08000003,Manchester,115737192.600,4883,{AE0DBB35-E06D-419B-A2A8-6CDAA4FC5207},LANCS,Shaft,2.500000000000000,TRUE,Coal,FALSE,,8.000000000000000,386398-012,TRUE,2.500000000000000,54.000000000000000,,2001/10/11 00:00:00.000,,FALSE,,E08000009,Trafford,,E92000001E08000009,Trafford,106118806.400,,,,,,,,,,,,,,,,,,,
E06000047,County Durham,,E92000001E06000047,County Durham,2234497290.000,121388,{6C81A283-63C1-4275-963E-6C0F6723C820},Hetton Hedleys Pit,Shaft,2.500000000000000,TRUE,Coal,FALSE,"0",0.000000000000000,432537-004,TRUE,,73.000000000000000,,,6.000000000000000,FALSE,,E06000004,Stockton-on-Tees,,E92000001E06000004,Stockton-on-Tees,209900625.900,,,,,,,,,,,,,,,,,,,
E07000164,Hambleton,,E92000001E07000164,Hambleton,1312222762.000,108038,{844F0240-E2D7-4134-953D-8A440CBF7BF6},NOTTS,Adit,2.500000000000000,TRUE,Coal,FALSE,"69",10.000000000000000,458495-001,FALSE,,,,,,FALSE,,E06000004,Stockton-on-Tees,,E92000001E06000004,Stockton-on-Tees,209900625.900,,,,,,,,,,,,,,,,,,,
E06000005,Darlington,,E92000001E06000005,Darlington,197628355.700,94840,{FBD24B51-F25D-4993-8984-30EEEBABF412},Middridge Grange,Adit,2.000000000000000,TRUE,Coal,FALSE,"265",8.000000000000000,423524-003,FALSE,,,,,,FALSE,,E06000004,Stockton-on-Tees,,E92000001E06000004,Stockton-on-Tees,209900625.900,,,,,,,,,,,,,,,,,,,
E06000003,Redcar and Cleveland,,E92000001E06000003,Redcar and Cleveland,254067967.000,28900,{1F081DF7-B587-45EE-A665-9A6716D8F05A},NOTTS,Shaft,2.500000000000000,TRUE,Ironstone,FALSE,,10.000000000000000,467512-001,FALSE,,,,,,FALSE,,E06000004,Stockton-on-Tees,,E92000001E06000004,Stockton-on-Tees,209900625.900,,,,,,,,,,,,,,,,,,,
E07000220,Rugby,,E92000001E07000220,Rugby,353826377.300,89558,{ED009880-859F-4314-A503-8C5D29229A4B},Harrisons Pit,Shaft,2.000000000000000,TRUE,Coal,FALSE,,8.000000000000000,436284-022,FALSE,,,,,,FALSE,,E07000131,Harborough,,E92000001E07000131,Harborough,593110703.000,,,,,,,,,,,,,,,,,,,
E07000133,Melton,,E92000001E07000133,Melton,481690129.900,146526,{E51CA9CA-BD3B-4EC8-ABCD-488AEFB76A2F},Downcast Shaft,Shaft,,TRUE,Coal,TRUE,,0.000000000000000,472320-001,TRUE,7.300000000000000,514.769999950000056,2006/02/24 00:00:00.000,,,FALSE,ASFORDBY,E07000131,Harborough,,E92000001E07000131,Harborough,593110703.000,,,,,,,,,,,,,,,,,,,
E07000175,Newark and Sherwood,,E92000001E07000175,Newark and Sherwood,652249134.400,148093,{B923E3C7-E4B9-464B-AB11-32D6D9E4A1C6},No.1 Shaft,Shaft,,TRUE,Coal,FALSE,,0.000000000000000,459360-001,TRUE,6.400000000000000,540.000000000000000,,,,FALSE,RUFFORD,E07000139,North Kesteven,,E92000001E07000139,North Kesteven,922930922.600,,,,,,,,,,,,,,,,,,,
E07000171,Bassetlaw,,E92000001E07000171,Bassetlaw,639990058.200,150937,{0406363D-4551-474C-8145-AD572FEB3A02},No.2 Shaft,Shaft,,TRUE,Coal,TRUE,,0.000000000000000,462391-002,TRUE,6.800000000000000,895.799999980000052,2001/07/11 00:00:00.000,,,FALSE,HARWORTH,E07000142,West Lindsey,,E92000001E07000142,West Lindsey,1158269529.000,,,,,,,,,,,,,,,,,,,
E07000175,Newark and Sherwood,,E92000001E07000175,Newark and Sherwood,652249134.400,148093,{B923E3C7-E4B9-464B-AB11-32D6D9E4A1C6},No.1 Shaft,Shaft,,TRUE,Coal,FALSE,,0.000000000000000,459360-001,TRUE,6.400000000000000,540.000000000000000,,,,FALSE,RUFFORD,E07000142,West Lindsey,,E92000001E07000142,West Lindsey,1158269529.000,,,,,,,,,,,,,,,,,,,
E07000124,Ribble Valley,,E92000001E07000124,Ribble Valley,584921936.700,100978,{9A1D130C-43E1-47F6-8B54-EBBFC683A854},LANCS,Shaft,2.500000000000000,TRUE,Coal,FALSE,"0",10.000000000000000,375434-023,FALSE,,,,,,FALSE,,E07000123,Preston,,E92000001E07000123,Preston,143051413.400,,,,,,,,,,,,,,,,,,,
W06000011,Swansea,Abertawe,W92000004W06000011,Swansea,421323977.900,43510,{BA0DA0DE-E21F-411F-A89A-C0B2E7A0C33D},Gelli Groes Colliery,Adit,3.000000000000000,TRUE,Coal,FALSE,"90",10.000000000000000,253193-008,FALSE,,,,,,FALSE,,,,,,,,,,,,,,,,,,,,,,,,,,
E07000172,Broxtowe,,E92000001E07000172,Broxtowe,80157741.530,16094,{88B9485A-6212-4FCB-8F3B-587591967375},NOTTS,Shaft,2.000000000000000,TRUE,Coal,FALSE,,10.000000000000000,450339-029,FALSE,,,,,,FALSE,,,,,,,,,,,,,,,,,,,,,,,,,,
E06000023,"Bristol, City of",,E92000001E06000023,"Bristol, City of",235509738.100,76864,{35E61F30-9D7A-4342-98BE-7C73AA14D45A},Old Engine Pit,Shaft,3.500000000000000,TRUE,Coal,FALSE,"0",5.000000000000000,356169-001,FALSE,,137.000000000000000,,,,FALSE,,,,,,,,,,,,,,,,,,,,,,,,,,
E08000016,Barnsley,,E92000001E08000016,Barnsley,329306221.800,27501,{5A455C3B-D227-4485-94AB-C401390DCD66},NOTTS,Shaft,2.000000000000000,TRUE,Coal,FALSE,"0",5.000000000000000,434403-004,TRUE,,15.500000000000000,,,,FALSE,,,,,,,,,,,,,,,,,,,,,,,,,,
E07000163,Craven,,E92000001E07000163,Craven,1179740096.000,105645,{BF28CCC0-8F18-4DBC-A67A-7E09964E01D6},INGLETON,Shaft,2.500000000000000,TRUE,Coal,FALSE,"0",10.000000000000000,367471-005,FALSE,,,,,,FALSE,,,,,,,,,,,,,,,,,,,,,,,,,,
E06000051,Shropshire,,E92000001E06000051,Shropshire,3199642173.000,56861,{20D5EF1C-8FFF-4B2D-9764-EC7CA6209789},SHROPSHIRE,Shaft,2.000000000000000,TRUE,Coal,FALSE,,10.000000000000000,347296-001,FALSE,,,,,,FALSE,,,,,,,,,,,,,,,,,,,,,,,,,,
E07000125,Rossendale,,E92000001E07000125,Rossendale,138157368.400,175399,{096A1B0A-7E43-4B19-8114-A732135CAF0E},LANCS,Shaft,2.500000000000000,TRUE,Coal,FALSE,"0",5.000000000000000,388416-007,FALSE,,,,,,FALSE,,,,,,,,,,,,,,,,,,,,,,,,,,
E07000028,Carlisle,,E92000001E07000028,Carlisle,1053711199.000,141998,{C303B18E-39BE-44F4-9BA7-7C0B3972A314},NORTH EAST,Adit,2.000000000000000,TRUE,Coal,FALSE,"152",10.000000000000000,356559-001,FALSE,,,,,,FALSE,,,,,,,,,,,,,,,,,,,,,,,,,,
E08000019,Sheffield,,E92000001E08000019,Sheffield,368235023.900,23274,{ADB86AD8-4333-437C-A3AD-78250C2F0CA0},NOTTS,Shaft,2.500000000000000,TRUE,Coal,FALSE,"0",8.000000000000000,427383-001,FALSE,,,,,,FALSE,,,,,,,,,,,,,,,,,,,,,,,,,,
E06000048,Northumberland,,E92000001E06000048,Northumberland,5082425783.000,114338,{EA9191ED-E133-4760-A3EB-386C4A8BDBBB},Prestwick Upcast,Shaft,3.000000000000000,TRUE,Coal,FALSE,"0",0.000000000000000,418571-002,TRUE,,53.000000000000000,,,,FALSE,,,,,,,,,,,,,,,,,,,,,,,,,,
E07000033,Bolsover,,E92000001E07000033,Bolsover,160449202.400,148015,{26FAE3C6-522B-49FF-89C2-66DFB8E484FD},NOTTS,Shaft,2.000000000000000,TRUE,Coal,FALSE,,8.000000000000000,448373-004,FALSE,,,,,,FALSE,OXCROFT,,,,,,,,,,,,,,,,,,,,,,,,,
W06000014,The Vale of Glamorgan,Bro Morgannwg,W92000004W06000014,The Vale of Glamorgan,339949590.400,158284,{6E7C73BF-AB45-4A40-8F24-E66A6222C416},Trial Shaft,Shaft,2.500000000000000,TRUE,Ironstone,FALSE,"0",10.000000000000000,297180-001,FALSE,,,,,,FALSE,,,,,,,,,,,,,,,,,,,,,,,,,,
S12000008,East Ayrshire,,S92000003S12000008,East Ayrshire,1270681468.000,24489,{A592E55E-3549-401C-B579-A8E945DD000B},Old Mine,Adit,2.000000000000000,TRUE,Coal,FALSE,"4",10.000000000000000,244603-001,FALSE,,,,,,FALSE,,,,,,,,,,,,,,,,,,,,,,,,,,
E07000198,Staffordshire Moorlands,,E92000001E07000198,Staffordshire Moorlands,576306521.300,85641,{12BF9B8A-7472-4F9F-9387-520032058D0A},Tower Hill,Adit,2.000000000000000,TRUE,Coal,FALSE,"63",8.000000000000000,386357-020,FALSE,,,,,,FALSE,,,,,,,,,,,,,,,,,,,,,,,,,,
E08000008,Tameside,,E92000001E08000008,Tameside,103253842.600,98740,{A5D543F8-1BD4-4A73-BBAE-F04505CB4E7F},LANCS,Shaft,2.500000000000000,TRUE,Coal,FALSE,"0",8.000000000000000,393401-029,FALSE,,,,,,FALSE,,,,,,,,,,,,,,,,,,,,,,,,,,
E07000035,Derbyshire Dales,,E92000001E07000035,Derbyshire Dales,795981650.900,63454,{A554389A-2B2A-41B6-A84C-9D0DE7460219},NOTTS,Shaft,2.000000000000000,TRUE,Coal,FALSE,,10.000000000000000,432359-001,FALSE,,,,,,FALSE,,,,,,,,,,,,,,,,,,,,,,,,,,
S12000030,Stirling,,S92000003S12000030,Stirling,2255437570.000,118042,{E8BE403B-292E-4E8F-95DF-9045F826B858},dunmore No 1 Shaft,Shaft,2.500000000000000,TRUE,Coal,FALSE,"0",5.000000000000000,287686-002,FALSE,,24.000000000000000,,,,FALSE,,,,,,,,,,,,,,,,,,,,,,,,,,
W06000012,Neath Port Talbot,Castell-nedd Port Talbot,W92000004W06000012,Neath Port Talbot,452026708.700,44675,{1115ACEE-75C5-4467-8BB4-93F8E27434CF},SOUTH WALES,Adit,3.000000000000000,TRUE,Coal,FALSE,"29",8.000000000000000,279192-107,FALSE,,,,,,FALSE,,,,,,,,,,,,,,,,,,,,,,,,,,
E08000030,Walsall,,E92000001E08000030,Walsall,104036716.100,80838,{67133B6F-90A7-4D08-8926-5D80A972A24C},SOUTH STAFFS,Shaft,2.000000000000000,TRUE,Coal,FALSE,,8.000000000000000,396296-116,FALSE,,,,,,FALSE,,,,,,,,,,,,,,,,,,,,,,,,,,
E07000197,Stafford,,E92000001E07000197,Stafford,598646638.900,97078,{00773168-C5C7-4CA7-9D8F-1803F109440E},Wolseley Plain - Trial Shaft,Shaft,,TRUE,Coal,FALSE,,8.000000000000000,400318-001,TRUE,1.800000000000000,30.500000000000000,,,,FALSE,,,,,,,,,,,,,,,,,,,,,,,,,,
E08000018,Rotherham,,E92000001E08000018,Rotherham,286750291.500,164353,{09F3AB9E-D307-44D0-8B94-3D1162B9BC9B},Jordon Colliery Upcast Shaft,Shaft,2.500000000000000,TRUE,Coal,FALSE,"0",5.000000000000000,439392-011,TRUE,,,,,,FALSE,,,,,,,,,,,,,,,,,,,,,,,,,,
S12000015,Fife,,S92000003S12000015,Fife,1374844957.000,130584,{9E78DBDA-FF05-448B-ACCE-9936F831CA3B},Fordell Colliery,Shaft,2.500000000000000,TRUE,Coal,FALSE,"0",10.000000000000000,315687-080,FALSE,,,,,,FALSE,,,,,,,,,,,,,,,,,,,,,,,,,,
S12000014,Falkirk,,S92000003S12000014,Falkirk,315086054.700,116665,{CE24D5BC-1621-4857-A0B0-DAB7670FEF56},Orchard No.2 Mine,Adit,2.500000000000000,TRUE,Coal,FALSE,"113",8.000000000000000,276678-001,FALSE,,,,,,FALSE,,,,,,,,,,,,,,,,,,,,,,,,,,
E08000035,Leeds,,E92000001E08000035,Leeds,552149960.400,74425,{A0953E4F-8F61-4FDE-B9D9-D3DCE118CEE3},NOTTS,Shaft,2.500000000000000,TRUE,Coal,FALSE,"0",10.000000000000000,439425-003,FALSE,,73.000000000000000,,,,FALSE,,,,,,,,,,,,,,,,,,,,,,,,,,
E06000020,Telford and Wrekin,,E92000001E06000020,Telford and Wrekin,290537400.300,50865,{FEF76A55-E7A9-4C1D-A176-571FDA834E1F},SHROPSHIRE,Shaft,2.000000000000000,TRUE,Coal,FALSE,,10.000000000000000,368302-032,FALSE,,,,,,FALSE,,,,,,,,,,,,,,,,,,,,,,,,,,
E07000196,South Staffordshire,,E92000001E07000196,South Staffordshire,407638591.600,51243,{14AF5546-353D-45C6-888F-FDFFCD0F1671},Compton Hall,Shaft,2.400000000000000,TRUE,Coal,FALSE,,10.000000000000000,381284-001,FALSE,,118.000000000000000,,,,FALSE,,,,,,,,,,,,,,,,,,,,,,,,,,
S12000036,"Edinburgh, City of",,S92000003S12000036,"Edinburgh, City of",273218623.800,120213,{9FBF77D2-0861-4DEA-A377-BA979193CD8D},Dalmahoy Old Pit,Shaft,2.500000000000000,TRUE,Coal,FALSE,"0",10.000000000000000,315668-001,FALSE,,,,,,FALSE,,,,,,,,,,,,,,,,,,,,,,,,,,
S12000029,South Lanarkshire,,S92000003S12000029,South Lanarkshire,1774894113.000,122830,{9F38F700-A006-4DAD-8ED0-D95828A96597},Crofthead - Old Mine,Adit,2.500000000000000,TRUE,Coal,FALSE,"258",8.000000000000000,281627-021,FALSE,,,,,,FALSE,,,,,,,,,,,,,,,,,,,,,,,,,,
E08000033,Calderdale,,E92000001E08000033,Calderdale,364212766.000,101411,{0A531BAC-4559-4225-9E96-3ED931B36CE0},LANCS,Adit,,TRUE,Coal,FALSE,"241",0.000000000000000,391423-001,TRUE,1.800000000000000,,,,,FALSE,,,,,,,,,,,,,,,,,,,,,,,,,,
S12000040,West Lothian,,S92000003S12000040,West Lothian,431826456.900,42009,{F35D1162-50FB-47B8-81D2-30E05D2030F6},Alderstone No 43 Air Mine,Adit,2.500000000000000,TRUE,Coal,FALSE,"298",8.000000000000000,304665-003,FALSE,,,,,,FALSE,,,,,,,,,,,,,,,,,,,,,,,,,,
S12000011,East Renfrewshire,,S92000003S12000011,East Renfrewshire,174286469.200,124485,{524360DA-496F-48F1-9449-EEB88BC85132},Bellsbog Air  Shaft,Shaft,2.500000000000000,TRUE,Coal,FALSE,"0",8.000000000000000,241653-001,FALSE,,,,,,FALSE,,,,,,,,,,,,,,,,,,,,,,,,,,
E08000004,Oldham,,E92000001E08000004,Oldham,142478195.200,98739,{FE324542-118B-46A3-A6A1-89F76828C968},LANCS,Shaft,2.500000000000000,TRUE,Coal,FALSE,"0",10.000000000000000,392401-012,FALSE,,,,,,FALSE,,,,,,,,,,,,,,,,,,,,,,,,,,
S12000019,Midlothian,,S92000003S12000019,Midlothian,355516187.700,130574,{ECCA7450-7CB5-428E-9F8E-8DAB5599CC0E},Air Shaft,Shaft,2.500000000000000,TRUE,Oil Shale,FALSE,"0",5.000000000000000,326665-001,FALSE,,,,,,FALSE,,,,,,,,,,,,,,,,,,,,,,,,,,
E08000036,Wakefield,,E92000001E08000036,Wakefield,338868845.400,68204,{EB238C95-5018-4F51-B66F-1ACF199812B9},old shaft,Shaft,,TRUE,Coal,FALSE,"0",10.000000000000000,439412-003,FALSE,1.500000000000000,,,,,FALSE,,,,,,,,,,,,,,,,,,,,,,,,,,
E08000022,North Tyneside,,E92000001E08000022,North Tyneside,85255626.750,145323,{0202DC5C-32E1-4923-B8A7-AEA791ACB977},NORTH EAST,Shaft,2.500000000000000,TRUE,Coal,FALSE,"0",10.000000000000000,434572-019,FALSE,,,,,,FALSE,,,,,,,,,,,,,,,,,,,,,,,,,,
E08000020,Gateshead,,E92000001E08000020,Gateshead,144180477.500,158972,{1D583812-3119-4E23-AB17-93A624486F4F},No.2 Shaft,Shaft,,TRUE,Coal,TRUE,"0",0.000000000000000,430561-001,TRUE,3.962000000000000,514.000000000000000,1978/08/29 00:00:00.000,,6.700000000000000,FALSE,WARDLEY,,,,,,,,,,,,,,,,,,,,,,,,,
E08000032,Bradford,,E92000001E08000032,Bradford,366709000.600,166048,{62BA2B95-94FA-439C-BC6F-93910A6D6D82},New Holland Pit Winding Shaft,Shaft,2.000000000000000,TRUE,Coal,FALSE,"0",5.000000000000000,409435-002,FALSE,,17.399999999999999,,,,FALSE,,,,,,,,,,,,,,,,,,,,,,,,,,
E07000026,Allerdale,,E92000001E07000026,Allerdale,1320024512.000,105849,{750345FD-D9E8-4E00-B912-1D9120DB5EBD},CUMBRIA,Shaft,2.000000000000000,TRUE,Coal,FALSE,"0",10.000000000000000,305523-001,TRUE,,,,,,FALSE,,,,,,,,,,,,,,,,,,,,,,,,,,
E08000024,Sunderland,,E92000001E08000024,Sunderland,139757855.100,167913,{2D1CD222-E6BB-4828-A882-D3AB9440FE55},Trial Pit,Shaft,2.000000000000000,TRUE,Coal,FALSE,"0",5.000000000000000,434548-001,FALSE,,63.500000000000000,,,7.800000000000000,FALSE,,,,,,,,,,,,,,,,,,,,,,,,,,
E07000120,Hyndburn,,E92000001E07000120,Hyndburn,73049940.840,4579,{2CD62FC1-A7E8-46F8-91F8-7C9ED204E08E},LANCS,Shaft,2.500000000000000,TRUE,Coal,FALSE,"0",10.000000000000000,373427-003,FALSE,,73.000000000000000,,,,FALSE,,,,,,,,,,,,,,,,,,,,,,,,,,
E08000027,Dudley,,E92000001E08000027,Dudley,98035485.860,172728,{0DCBFE85-16B4-462E-A091-CBDEBF634EB9},Shut End No 16,Shaft,2.000000000000000,TRUE,Coal,FALSE,,5.000000000000000,389289-024,FALSE,,,,,,FALSE,,,,,,,,,,,,,,,,,,,,,,,,,,
S12000045,East Dunbartonshire,,S92000003S12000045,East Dunbartonshire,174545355.000,118068,{F7F8F29C-7403-418F-9876-39CF00DE6F9B},Langfaulds - Old Shaft,Shaft,2.500000000000000,TRUE,Coal,FALSE,"0",8.000000000000000,252673-003,FALSE,,,,,,FALSE,,,,,,,,,,,,,,,,,,,,,,,,,,
E06000019,"Herefordshire, County of",,E92000001E06000019,"Herefordshire, County of",2181324078.000,22114,{FF6333B5-6650-414E-9600-22C5E4BA6146},Great Doward,Adit,2.000000000000000,TRUE,Ironstone,FALSE,"0",8.000000000000000,355214-001,FALSE,,,,,,FALSE,,,,,,,,,,,,,,,,,,,,,,,,,,
E07000170,Ashfield,,E92000001E07000170,Ashfield,109638447.900,53153,{D42B85D3-A5D1-4CA3-8B6E-DB94DDADB5E0},NOTTS,Shaft,2.000000000000000,TRUE,Coal,FALSE,,8.000000000000000,447361-007,TRUE,,,,,,FALSE,,,,,,,,,,,,,,,,,,,,,,,,,,
E07000219,Nuneaton and Bedworth,,E92000001E07000219,Nuneaton and Bedworth,79012494.560,90229,{341D83DA-6318-4D71-9391-7E73B41AF469},WARWICK,Shaft,2.000000000000000,TRUE,Coal,FALSE,,8.000000000000000,435285-004,FALSE,,,,,,FALSE,,,,,,,,,,,,,,,,,,,,,,,,,,
E07000122,Pendle,,E92000001E07000122,Pendle,169497737.900,101410,{A777E826-4D24-482D-886E-B1FE0488598F},LANCS,Shaft,2.500000000000000,TRUE,Coal,FALSE,"0",10.000000000000000,381436-001,TRUE,,9.000000000000000,,,,FALSE,,,,,,,,,,,,,,,,,,,,,,,,,,
E07000165,Harrogate,,E92000001E07000165,Harrogate,1310143453.000,21046,{22E1ACF3-2AF8-454C-B8CD-C55C77126A5A},NOTTS,Shaft,2.000000000000000,TRUE,Lead,FALSE,"0",10.000000000000000,409459-003,FALSE,,49.399999999999999,,,,FALSE,,,,,,,,,,,,,,,,,,,,,,,,,,
E07000199,Tamworth,,E92000001E07000199,Tamworth,30870607.280,88524,{BF069D7A-7528-4667-8F92-911D721208A6},Hockley Hall,Shaft,2.000000000000000,TRUE,Coal,FALSE,,8.000000000000000,421299-017,FALSE,,,,,,FALSE,,,,,,,,,,,,,,,,,,,,,,,,,,
E07000173,Gedling,,E92000001E07000173,Gedling,120061639.700,146265,{53DA1AB5-C99B-46CC-B296-E43841A8871D},No.2 Shaft,Shaft,,TRUE,Coal,FALSE,,0.000000000000000,461343-002,TRUE,5.500000000000000,430.699999970000022,,,,FALSE,GEDLING,,,,,,,,,,,,,,,,,,,,,,,,,
S12000046,Glasgow City,,S92000003S12000046,Glasgow City,176502173.200,9440,{7A9E2B45-FB3B-45D5-88F2-9737E0CD2434},Skaterigg - Old Shaft,Shaft,2.500000000000000,TRUE,Coal,FALSE,"0",8.000000000000000,254668-005,FALSE,,,,,,FALSE,,,,,,,,,,,,,,,,,,,,,,,,,,
W06000019,Blaenau Gwent,Blaenau Gwent,W92000004W06000019,Blaenau Gwent,108831135.600,70392,{33412B9C-ABFE-4A41-86DE-C5E8A4BA6714},SOUTH WALES,Adit,3.000000000000000,TRUE,Coal,FALSE,"265",10.000000000000000,315205-019,FALSE,,,,,,FALSE,,,,,,,,,,,,,,,,,,,,,,,,,,
E07000030,Eden,,E92000001E07000030,Eden,2158077941.000,30510,{091404C3-B6D6-43DF-B062-E7224126F81C},NOTTS,Shaft,2.500000000000000,TRUE,Coal,FALSE,"0",0.000000000000000,389507-030,TRUE,,,,1996/11/08 00:00:00.000,,FALSE,,,,,,,,,,,,,,,,,,,,,,,,,,
W06000013,Bridgend,Pen-y-bont ar Ogwr,W92000004W06000013,Bridgend,255350579.100,45713,{D9FB3169-FD08-47A1-92F1-4B08D4E95088},Trial Level,Adit,3.000000000000000,TRUE,Coal,FALSE,"145",5.000000000000000,291192-018,FALSE,,,,,,FALSE,,,,,,,,,,,,,,,,,,,,,,,,,,
W06000016,Rhondda Cynon Taf,Rhondda Cynon Taf,W92000004W06000016,Rhondda Cynon Taf,424365963.800,46273,{B0CF15DD-4262-4AD6-AA6D-C4D37C062C20},SOUTH WALES,Shaft,2.500000000000000,TRUE,Coal,FALSE,"0",10.000000000000000,291198-032,FALSE,,,,,,FALSE,,,,,,,,,,,,,,,,,,,,,,,,,,
E07000194,Lichfield,,E92000001E07000194,Lichfield,331558941.000,173361,{BEC923BF-C4CD-477F-9B9A-D932811EC428},Wilkin Wide Air Shaft,Shaft,3.000000000000000,TRUE,Coal,FALSE,,5.000000000000000,403306-016,FALSE,,,,,,FALSE,,,,,,,,,,,,,,,,,,,,,,,,,,
E08000001,Bolton,,E92000001E08000001,Bolton,139910711.200,1025,{087C07B4-9A4A-4B7F-9A59-54FCDF7D5863},Cooke Pit - Burton Coal Pit,Shaft,,TRUE,Coal,FALSE,"0",5.000000000000000,374407-023,FALSE,4.200000000000000,219.000000000000000,,,,FALSE,,,,,,,,,,,,,,,,,,,,,,,,,,
E07000166,Richmondshire,,E92000001E07000166,Richmondshire,1319717070.000,28227,{42B96414-003A-429A-9B44-284ADE55FD65},NOTTS,Adit,2.000000000000000,TRUE,Flagrock,FALSE,"221",10.000000000000000,381490-001,FALSE,,,,,,FALSE,,,,,,,,,,,,,,,,,,,,,,,,,,
S12000006,Dumfries & Galloway,,S92000003S12000006,Dumfries & Galloway,6678596662.000,127552,{B7F7CC8F-89D0-439B-B993-70C11CEDA16D},Gateside,Adit,2.500000000000000,TRUE,Coal,FALSE,"0",10.000000000000000,279608-001,FALSE,,,,,,FALSE,,,,,,,,,,,,,,,,,,,,,,,,,,
S12000005,Clackmannanshire,,S92000003S12000005,Clackmannanshire,164004815.600,118860,{9F8CFFFB-4F19-40DC-ADD9-00829EC55989},Bye Pit,Shaft,2.500000000000000,TRUE,Coal,FALSE,"0",8.000000000000000,291692-012,FALSE,,,,,,FALSE,,,,,,,,,,,,,,,,,,,,,,,,,,
E08000034,Kirklees,,E92000001E08000034,Kirklees,408919776.800,22758,{9CCA1B0A-2198-4ED8-9C15-8813C48DB1E3},NOTTS,Shaft,,TRUE,Coal,FALSE,"0",8.000000000000000,407410-002,TRUE,2.500000000000000,12.800000000000001,,,,FALSE,,,,,,,,,,,,,,,,,,,,,,,,,,
S12000044,North Lanarkshire,,S92000003S12000044,North Lanarkshire,472423793.700,120363,{4FEFCB45-8596-4B8E-B9D1-B0CAEA57C887},Avenue Head Old Shaft,Shaft,2.500000000000000,TRUE,Coal,FALSE,"0",5.000000000000000,270669-005,FALSE,,,,,,FALSE,,,,,,,,,,,,,,,,,,,,,,,,,,
E06000018,Nottingham,,E92000001E06000018,Nottingham,74666027.200,20294,{3B903AEB-4351-496A-B181-BC2965E603C2},NOTTS,Shaft,,TRUE,Coal,FALSE,,0.000000000000000,450339-004,TRUE,2.440000000000000,,,,,FALSE,,,,,,,,,,,,,,,,,,,,,,,,,,
E08000023,South Tyneside,,E92000001E08000023,South Tyneside,67197631.930,155897,{EA023927-6258-47C1-BD91-4D7476F4CF0C},Boldon Main Fan Drift,Adit,,TRUE,Coal,FALSE,"331",5.000000000000000,434562-005,FALSE,3.401600000000000,,,,,FALSE,,,,,,,,,,,,,,,,,,,,,,,,,,
E07000193,East Staffordshire,,E92000001E07000193,East Staffordshire,390311255.700,91042,{599119FB-1E8D-445F-8096-BFA745121614},Anglesea,Shaft,1.800000000000000,TRUE,Coal,FALSE,,8.000000000000000,427322-002,FALSE,,,,,,FALSE,,,,,,,,,,,,,,,,,,,,,,,,,,
E06000021,Stoke-on-Trent,,E92000001E06000021,Stoke-on-Trent,93522832.650,85143,{9FBB18C5-A2AC-4E6A-9A90-011981898556},Lane Ends No 2,Adit,2.000000000000000,TRUE,Coal,FALSE,"240",8.000000000000000,386354-069,FALSE,,,,,,FALSE,,,,,,,,,,,,,,,,,,,,,,,,,,
S12000028,South Ayrshire,,S92000003S12000028,South Ayrshire,1234817815.000,112410,{67E198EB-6DC5-4F46-81E5-C4028C94F53F},Old Shaft,Shaft,2.500000000000000,TRUE,Coal,FALSE,"0",5.000000000000000,223600-001,FALSE,,47.000000000000000,,,,FALSE,,,,,,,,,,,,,,,,,,,,,,,,,,
E07000038,North East Derbyshire,,E92000001E07000038,North East Derbyshire,275810373.000,69129,{2A42FB41-0320-4D85-BDD0-D1F762EC9B6E},Brackenfield,Adit,2.000000000000000,TRUE,Coal,FALSE,"130",8.000000000000000,436358-002,TRUE,,,,,,FALSE,,,,,,,,,,,,,,,,,,,,,,,,,,
E08000028,Sandwell,,E92000001E08000028,Sandwell,85635257.060,170800,{56289C3B-641A-4189-A861-9A50FB6500B2},Brierley No 14,Shaft,3.000000000000000,TRUE,Coal,TRUE,,0.000000000000000,395294-016,TRUE,,164.599999980000007,1964/08/05 00:00:00.000,,4.500000000000000,FALSE,,,,,,,,,,,,,,,,,,,,,,,,,,
E08000021,Newcastle upon Tyne,,E92000001E08000021,Newcastle upon Tyne,115194188.000,212,{D439EB4E-3979-4836-9485-47AC9FE0982B},NORTH EAST,Shaft,2.500000000000000,TRUE,Coal,FALSE,"0",5.000000000000000,429564-001,FALSE,,,,,,FALSE,,,,,,,,,,,,,,,,,,,,,,,,,,
E07000195,Newcastle-under-Lyme,,E92000001E07000195,Newcastle-under-Lyme,211123138.000,85589,{243F684C-70B3-4EEC-814F-F310671E4B2A},Vicarage Air Shaft,Shaft,2.000000000000000,TRUE,Coal,FALSE,,8.000000000000000,386357-036,FALSE,,,,,,FALSE,,,,,,,,,,,,,,,,,,,,,,,,,,
E08000010,Wigan,,E92000001E08000010,Wigan,188335046.100,1633,{9A36566E-040A-4C2C-AED0-886027DBB582},LANCS,Shaft,2.000000000000000,TRUE,Coal,FALSE,,0.000000000000000,356406-009,TRUE,,,,,,FALSE,,,,,,,,,,,,,,,,,,,,,,,,,,
S12000026,Scottish Borders,,S92000003S12000026,Scottish Borders,4746082373.000,149337,{A0DC11E5-81A1-45CA-87E9-DBA8408D1D21},SCOTLAND,Adit,,TRUE,Coal,,"180",10.000000000000000,397658-003,FALSE,2.500000000000000,,,,,,,,,,,,,,,,,,,,,,,,,,,,,,,
E07000037,High Peak,,E92000001E07000037,High Peak,540675599.900,32085,{CB418CCA-E2C2-4319-96E8-1FA9BA5F22D3},LANCS,Shaft,2.500000000000000,TRUE,Coal,FALSE,"0",0.000000000000000,402372-042,FALSE,,,,,,FALSE,,,,,,,,,,,,,,,,,,,,,,,,,,
E08000005,Rochdale,,E92000001E08000005,Rochdale,158207047.800,169286,{613B6E45-05CB-474F-9703-7056B0957DBC},LANCS,Shaft,2.500000000000000,TRUE,Coal,,,10.000000000000000,388406-008,FALSE,,,,,,,,,,,,,,,,,,,,,,,,,,,,,,,,
W06000001,Isle of Anglesey,Ynys Mn,W92000004W06000001,Isle of Anglesey,749041369.600,160522,{E433C50D-CC78-4638-9562-9FB25F281160},Glantraeth Old Pit,Shaft,2.500000000000000,TRUE,Coal,,,10.000000000000000,241369-005,FALSE,,,,,,,,,,,,,,,,,,,,,,,,,,,,,,,,
E07000034,Chesterfield,,E92000001E07000034,Chesterfield,66085301.200,67965,{0DDAC744-97CF-46C3-AAB3-767F02E7F2BA},NOTTS,Shaft,2.000000000000000,TRUE,Coal,FALSE,,8.000000000000000,435371-051,FALSE,,,,,,FALSE,,,,,,,,,,,,,,,,,,,,,,,,,,
E08000002,Bury,,E92000001E08000002,Bury,99562161.070,9127,{C35BB44E-7A63-4803-828B-56A8B1C6F3CE},LANCS,Shaft,2.500000000000000,TRUE,Coal,FALSE,"0",8.000000000000000,378409-012,FALSE,,,,,,FALSE,,,,,,,,,,,,,,,,,,,,,,,,,,
S12000010,East Lothian,,S92000003S12000010,East Lothian,701460694.100,109048,{1D50D7FA-1FF1-4A7D-A452-7A4F0570DCC4},Lawfield,Shaft,2.500000000000000,TRUE,Coal,FALSE,"0",8.000000000000000,374672-001,FALSE,,20.000000000000000,,,,FALSE,,,,,,,,,,,,,,,,,,,,,,,,,,
E07000117,Burnley,,E92000001E07000117,Burnley,110787071.800,3364,{08197AF9-0B0A-416F-A9B6-55EE4AC94F9E},Road Colliery,Shaft,2.500000000000000,TRUE,Coal,FALSE,"0",8.000000000000000,379433-010,FALSE,,,,,,FALSE,,,,,,,,,,,,,,,,,,,,,,,,,,
E08000031,Wolverhampton,,E92000001E08000031,Wolverhampton,69494987.530,74664,{04171AC6-C02F-4C30-A78E-FE88C4C879DC},SOUTH STAFFS,Shaft,2.000000000000000,TRUE,Coal,FALSE,,8.000000000000000,393294-224,FALSE,,,,,,FALSE,,,,,,,,,,,,,,,,,,,,,,,,,,
W06000024,Merthyr Tydfil,Merthyr Tudful,W92000004W06000024,Merthyr Tydfil,111967719.800,65304,{AA468EF1-25F1-433C-A1A9-35DE79292372},SOUTH WALES,Adit,3.000000000000000,TRUE,Coal,FALSE,"155",10.000000000000000,300207-005,FALSE,,,,,,FALSE,,,,,,,,,,,,,,,,,,,,,,,,,,
E08000007,Stockport,,E92000001E08000007,Stockport,126164182.000,85806,{BA143DF7-A7AB-4A3D-990B-0ACBC256895E},LANCS,Shaft,3.000000000000000,TRUE,Coal,FALSE,"0",8.000000000000000,394385-012,FALSE,,,,,,FALSE,,,,,,,,,,,,,,,,,,,,,,,,,,
E07000174,Mansfield,,E92000001E07000174,Mansfield,76772922.210,147189,{8DAAAB78-AEB2-4C32-9262-BDE5A1074786},No.2 Shaft,Shaft,,TRUE,Coal,FALSE,,0.000000000000000,457361-002,TRUE,5.800000000000000,535.399999950000051,,,,FALSE,MANSFIELD,,,,,,,,,,,,,,,,,,,,,,,,,
E07000192,Cannock Chase,,E92000001E07000192,Cannock Chase,78943857.980,151919,{A4779E1D-A1A6-426E-9B65-B11016AE0161},SOUTH STAFFS,Shaft,1.200000000000000,TRUE,Coal,FALSE,,8.000000000000000,404316-003,TRUE,,,,,,FALSE,,,,,,,,,,,,,,,,,,,,,,,,,,
