geo_code,geo_label,geo_labelw,label,name,Area
W06000016,Rhondda Cynon Taf,Rhondda Cynon Taf,W92000004W06000016,Rhondda Cynon Taf,424365963.800
S12000013,Eilean Siar,,S92000003S12000013,Eilean Siar,3264424640.000
W06000013,Bridgend,Pen-y-bont ar Ogwr,W92000004W06000013,Bridgend,255350579.100
E07000138,Lincoln,,E92000001E07000138,Lincoln,35708965.480
E07000166,Richmondshire,,E92000001E07000166,Richmondshire,1319717070.000
E07000105,Ashford,,E92000001E07000105,Ashford,580526994.100
95JJ,Coleraine,,N9200000295JJ,Coleraine,485419339.200
W06000022,Newport,Casnewydd,W92000004W06000022,Newport,218504535.800
E08000034,Kirklees,,E92000001E08000034,Kirklees,408919776.800
E07000126,South Ribble,,E92000001E07000126,South Ribble,114700150.900
S12000006,Dumfries & Galloway,,S92000003S12000006,Dumfries & Galloway,6678596662.000
E09000023,Lewisham,,E92000001E09000023,Lewisham,35326626.930
E06000018,Nottingham,,E92000001E06000018,Nottingham,74666027.200
E09000028,Southwark,,E92000001E09000028,Southwark,29907989.920
E07000133,Melton,,E92000001E07000133,Melton,481690129.900
E07000219,Nuneaton and Bedworth,,E92000001E07000219,Nuneaton and Bedworth,79012494.560
95DD,Ballymena,,N9200000295DD,Ballymena,631813008.000
E07000097,East Hertfordshire,,E92000001E07000097,East Hertfordshire,475845980.900
E06000039,Slough,,E92000001E06000039,Slough,32554591.400
E07000199,Tamworth,,E92000001E07000199,Tamworth,30870607.280
E07000173,Gedling,,E92000001E07000173,Gedling,120061639.700
E07000082,Stroud,,E92000001E07000082,Stroud,476400796.300
E06000034,Thurrock,,E92000001E06000034,Thurrock,184344175.500
W06000019,Blaenau Gwent,Blaenau Gwent,W92000004W06000019,Blaenau Gwent,108831135.600
E09000025,Newham,,E92000001E09000025,Newham,38688201.610
S12000046,Glasgow City,,S92000003S12000046,Glasgow City,176502173.200
E06000027,Torbay,,E92000001E06000027,Torbay,119515218.600
E09000024,Merton,,E92000001E09000024,Merton,37624675.500
E07000030,Eden,,E92000001E07000030,Eden,2158077941.000
E06000017,Rutland,,E92000001E06000017,Rutland,393979207.900
E07000209,Guildford,,E92000001E07000209,Guildford,271079997.000
E07000188,Sedgemoor,,E92000001E07000188,Sedgemoor,606594172.900
E06000035,Medway,,E92000001E06000035,Medway,268860406.900
E09000029,Sutton,,E92000001E09000029,Sutton,43867967.220
E07000148,Norwich,,E92000001E07000148,Norwich,40539222.460
S12000038,Renfrewshire,,S92000003S12000038,Renfrewshire,269284609.300
E06000006,Halton,,E92000001E06000006,Halton,90399289.030
E07000177,Cherwell,,E92000001E07000177,Cherwell,589201536.500
E07000081,Gloucester,,E92000001E07000081,Gloucester,40849553.120
E09000019,Islington,,E92000001E09000019,Islington,14865472.050
E07000119,Fylde,,E92000001E07000119,Fylde,182755131.000
95FF,Banbridge,,N9200000295FF,Banbridge,452471988.200
E07000226,Crawley,,E92000001E07000226,Crawley,44989001.280
E06000013,North Lincolnshire,,E92000001E06000013,North Lincolnshire,876120205.500
E07000108,Dover,,E92000001E07000108,Dover,320452497.200
E06000014,York,,E92000001E06000014,York,272205644.300
95HH,Carrickfergus,,N9200000295HH,Carrickfergus,81847986.960
E06000016,Leicester,,E92000001E06000016,Leicester,73366144.880
E07000062,Hastings,,E92000001E07000062,Hastings,30831765.380
E07000010,Fenland,,E92000001E07000010,Fenland,547528589.400
E08000020,Gateshead,,E92000001E08000020,Gateshead,144180477.500
E41000052,"Cornwall,Isles of Scilly",,E92000001E41000052,"Cornwall,Isles of Scilly",3635522173.000
W06000015,Cardiff,Caerdydd,W92000004W06000015,Cardiff,149592049.700
E07000026,Allerdale,,E92000001E07000026,Allerdale,1320024512.000
E08000024,Sunderland,,E92000001E08000024,Sunderland,139757855.100
E07000050,North Dorset,,E92000001E07000050,North Dorset,609698696.400
E07000218,North Warwickshire,,E92000001E07000218,North Warwickshire,284488744.900
E07000099,North Hertfordshire,,E92000001E07000099,North Hertfordshire,375531338.600
E07000103,Watford,,E92000001E07000103,Watford,21435678.120
E08000017,Doncaster,,E92000001E08000017,Doncaster,568922904.800
S12000045,East Dunbartonshire,,S92000003S12000045,East Dunbartonshire,174545355.000
E07000120,Hyndburn,,E92000001E07000120,Hyndburn,73049940.840
E06000054,Wiltshire,,E92000001E06000054,Wiltshire,3257922883.000
E07000234,Bromsgrove,,E92000001E07000234,Bromsgrove,217142086.700
E07000101,Stevenage,,E92000001E07000101,Stevenage,25974484.730
W06000006,Wrexham,Wrecsam,W92000004W06000006,Wrexham,504118291.200
E07000072,Epping Forest,,E92000001E07000072,Epping Forest,339072385.200
S12000040,West Lothian,,S92000003S12000040,West Lothian,431826456.900
E09000011,Greenwich,,E92000001E09000011,Greenwich,50392848.750
E07000048,Christchurch,,E92000001E07000048,Christchurch,51834915.090
E07000220,Rugby,,E92000001E07000220,Rugby,353826377.300
E07000141,South Kesteven,,E92000001E07000141,South Kesteven,943113046.500
E07000216,Waverley,,E92000001E07000216,Waverley,345366098.100
W06000023,Powys,Powys,W92000004W06000023,Powys,5198313040.000
S12000019,Midlothian,,S92000003S12000019,Midlothian,355516187.700
E08000022,North Tyneside,,E92000001E08000022,North Tyneside,85255626.750
E07000221,Stratford-on-Avon,,E92000001E07000221,Stratford-on-Avon,978627191.200
E06000030,Swindon,,E92000001E06000030,Swindon,230284833.500
E06000055,Bedford,,E92000001E06000055,Bedford,476664346.100
E08000018,Rotherham,,E92000001E08000018,Rotherham,286750291.500
S12000015,Fife,,S92000003S12000015,Fife,1374844957.000
E06000001,Hartlepool,,E92000001E06000001,Hartlepool,98508524.480
E07000132,Hinckley and Bosworth,,E92000001E07000132,Hinckley and Bosworth,297573830.400
E07000121,Lancaster,,E92000001E07000121,Lancaster,655158928.800
E06000024,North Somerset,,E92000001E06000024,North Somerset,391135622.500
E07000190,Taunton Deane,,E92000001E07000190,Taunton Deane,462792727.100
E07000189,South Somerset,,E92000001E07000189,South Somerset,959763789.000
E07000075,Rochford,,E92000001E07000075,Rochford,263375454.200
E06000045,Southampton,,E92000001E06000045,Southampton,56419555.940
W06000010,Carmarthenshire,Sir Gaerfyrddin,W92000004W06000010,Carmarthenshire,2439552578.000
E07000052,West Dorset,,E92000001E07000052,West Dorset,1087852718.000
E09000006,Bromley,,E92000001E09000006,Bromley,150198166.300
95XX,North Down,,N9200000295XX,North Down,81449876.680
E06000020,Telford and Wrekin,,E92000001E06000020,Telford and Wrekin,290537400.300
E07000196,South Staffordshire,,E92000001E07000196,South Staffordshire,407638591.600
E07000115,Tonbridge and Malling,,E92000001E07000115,Tonbridge and Malling,241015444.600
95MM,Derry,,N9200000295MM,Derry,387283831.200
E07000033,Bolsover,,E92000001E07000033,Bolsover,160449202.400
E07000222,Warwick,,E92000001E07000222,Warwick,283103211.500
E07000035,Derbyshire Dales,,E92000001E07000035,Derbyshire Dales,795981650.900
S12000030,Stirling,,S92000003S12000030,Stirling,2255437570.000
E07000198,Staffordshire Moorlands,,E92000001E07000198,Staffordshire Moorlands,576306521.300
E08000008,Tameside,,E92000001E08000008,Tameside,103253842.600
E07000041,Exeter,,E92000001E07000041,Exeter,47902699.360
95QQ,Larne,,N9200000295QQ,Larne,335519066.200
E07000047,West Devon,,E92000001E07000047,West Devon,1165036420.000
W06000012,Neath Port Talbot,Castell-nedd Port Talbot,W92000004W06000012,Neath Port Talbot,452026708.700
E06000056,Central Bedfordshire,,E92000001E06000056,Central Bedfordshire,716030989.100
E07000197,Stafford,,E92000001E07000197,Stafford,598646638.900
S12000018,Inverclyde,,S92000003S12000018,Inverclyde,173577704.300
E08000030,Walsall,,E92000001E08000030,Walsall,104036716.100
E07000208,Epsom and Ewell,,E92000001E07000208,Epsom and Ewell,34087912.660
E06000047,County Durham,,E92000001E06000047,County Durham,2234497290.000
95ZZ,Strabane,,N9200000295ZZ,Strabane,861606584.700
W06000005,Flintshire,Sir y Fflint,W92000004W06000005,Flintshire,489805612.200
E06000051,Shropshire,,E92000001E06000051,Shropshire,3199642173.000
W06000003,Conwy,Conwy,W92000004W06000003,Conwy,1153996779.000
E07000201,Forest Heath,,E92000001E07000201,Forest Heath,377735652.600
E07000153,Kettering,,E92000001E07000153,Kettering,233638182.600
E07000125,Rossendale,,E92000001E07000125,Rossendale,138157368.400
E09000016,Havering,,E92000001E09000016,Havering,114493469.200
E09000017,Hillingdon,,E92000001E09000017,Hillingdon,115757915.500
E07000070,Chelmsford,,E92000001E07000070,Chelmsford,343023309.500
E06000048,Northumberland,,E92000001E06000048,Northumberland,5082425783.000
E41000324,"City of London,Westminster",,E92000001E41000324,"City of London,Westminster",25191319.390
E07000168,Scarborough,,E92000001E07000168,Scarborough,827023903.400
E07000112,Shepway,,E92000001E07000112,Shepway,365141729.500
E07000174,Mansfield,,E92000001E07000174,Mansfield,76772922.210
E07000095,Broxbourne,,E92000001E07000095,Broxbourne,51452780.790
E07000203,Mid Suffolk,,E92000001E07000203,Mid Suffolk,870809532.200
E07000142,West Lindsey,,E92000001E07000142,West Lindsey,1158269529.000
W06000011,Swansea,Abertawe,W92000004W06000011,Swansea,421323977.900
E06000038,Reading,,E92000001E06000038,Reading,40425252.780
E06000008,Blackburn with Darwen,,E92000001E06000008,Blackburn with Darwen,137118693.500
S12000023,Orkney Islands,,S92000003S12000023,Orkney Islands,1086977951.000
S12000034,Aberdeenshire,,S92000003S12000034,Aberdeenshire,6343542603.000
E07000066,Basildon,,E92000001E07000066,Basildon,110454217.700
E07000205,Suffolk Coastal,,E92000001E07000205,Suffolk Coastal,920453986.300
E07000217,Woking,,E92000001E07000217,Woking,63630623.240
E07000128,Wyre,,E92000001E07000128,Wyre,329246772.100
E06000023,"Bristol, City of",,E92000001E06000023,"Bristol, City of",235509738.100
E06000025,South Gloucestershire,,E92000001E06000025,South Gloucestershire,537338840.400
E07000084,Basingstoke and Deane,,E92000001E07000084,Basingstoke and Deane,634264232.200
E07000131,Harborough,,E92000001E07000131,Harborough,593110703.000
S12000010,East Lothian,,S92000003S12000010,East Lothian,701460694.100
E07000012,South Cambridgeshire,,E92000001E07000012,South Cambridgeshire,901955177.200
E07000063,Lewes,,E92000001E07000063,Lewes,294485707.500
E08000031,Wolverhampton,,E92000001E08000031,Wolverhampton,69494987.530
E09000004,Bexley,,E92000001E09000004,Bexley,64282216.790
E07000117,Burnley,,E92000001E07000117,Burnley,110787071.800
E06000036,Bracknell Forest,,E92000001E06000036,Bracknell Forest,109451468.600
E06000009,Blackpool,,E92000001E06000009,Blackpool,43214270.240
E07000088,Gosport,,E92000001E07000088,Gosport,27521189.730
95EE,Ballymoney,,N9200000295EE,Ballymoney,418083762.300
W06000024,Merthyr Tydfil,Merthyr Tudful,W92000004W06000024,Merthyr Tydfil,111967719.800
E07000109,Gravesham,,E92000001E07000109,Gravesham,104968602.800
E07000104,Welwyn Hatfield,,E92000001E07000104,Welwyn Hatfield,129607566.300
E08000007,Stockport,,E92000001E08000007,Stockport,126164182.000
95NN,Down,,N9200000295NN,Down,647640823.500
E07000089,Hart,,E92000001E07000089,Hart,215405689.500
95TT,Magherafelt,,N9200000295TT,Magherafelt,572693501.200
E06000003,Redcar and Cleveland,,E92000001E06000003,Redcar and Cleveland,254067967.000
95RR,Limavady,,N9200000295RR,Limavady,585501781.900
E08000009,Trafford,,E92000001E08000009,Trafford,106118806.400
E07000106,Canterbury,,E92000001E07000106,Canterbury,320770812.100
E07000143,Breckland,,E92000001E07000143,Breckland,1304969925.000
W06000002,Gwynedd,Gwynedd,W92000004W06000002,Gwynedd,2623191134.000
E07000156,Wellingborough,,E92000001E07000156,Wellingborough,163138259.000
E07000029,Copeland,,E92000001E07000029,Copeland,776010225.200
E09000020,Kensington and Chelsea,,E92000001E09000020,Kensington and Chelsea,12394787.390
E08000002,Bury,,E92000001E08000002,Bury,99562161.070
95KK,Cookstown,,N9200000295KK,Cookstown,622322353.600
95CC,Armagh,,N9200000295CC,Armagh,670459872.700
E07000227,Horsham,,E92000001E07000227,Horsham,531213621.300
E09000009,Ealing,,E92000001E09000009,Ealing,55551658.550
E07000210,Mole Valley,,E92000001E07000210,Mole Valley,258441197.300
E07000065,Wealden,,E92000001E07000065,Wealden,836489458.000
E06000011,East Riding of Yorkshire,,E92000001E06000011,East Riding of Yorkshire,2498318143.000
E07000191,West Somerset,,E92000001E07000191,West Somerset,749454697.500
E07000042,Mid Devon,,E92000001E07000042,Mid Devon,913391349.400
E06000033,Southend-on-Sea,,E92000001E06000033,Southend-on-Sea,67840582.260
E07000037,High Peak,,E92000001E07000037,High Peak,540675599.900
E08000005,Rochdale,,E92000001E08000005,Rochdale,158207047.800
W06000001,Isle of Anglesey,Ynys MÃ´n,W92000004W06000001,Isle of Anglesey,749041369.600
E07000034,Chesterfield,,E92000001E07000034,Chesterfield,66085301.200
S12000039,West Dunbartonshire,,S92000003S12000039,West Dunbartonshire,182813084.600
E07000090,Havant,,E92000001E07000090,Havant,79464318.000
E07000137,East Lindsey,,E92000001E07000137,East Lindsey,1830120470.000
E09000027,Richmond upon Thames,,E92000001E09000027,Richmond upon Thames,58795282.710
E07000151,Daventry,,E92000001E07000151,Daventry,666066982.200
E07000229,Worthing,,E92000001E07000229,Worthing,34982680.870
E07000093,Test Valley,,E92000001E07000093,Test Valley,628093517.900
95UU,Moyle,,N9200000295UU,Moyle,493969732.100
E07000195,Newcastle-under-Lyme,,E92000001E07000195,Newcastle-under-Lyme,211123138.000
E09000002,Barking and Dagenham,,E92000001E09000002,Barking and Dagenham,37790457.690
E09000010,Enfield,,E92000001E09000010,Enfield,82229315.990
E08000010,Wigan,,E92000001E08000010,Wigan,188335046.100
E08000026,Coventry,,E92000001E08000026,Coventry,98722181.310
E06000046,Isle of Wight,,E92000001E06000046,Isle of Wight,395201999.500
S12000026,Scottish Borders,,S92000003S12000026,Scottish Borders,4746082373.000
E07000213,Spelthorne,,E92000001E07000213,Spelthorne,51183059.260
E07000087,Fareham,,E92000001E07000087,Fareham,78150036.490
E07000079,Cotswold,,E92000001E07000079,Cotswold,1165443744.000
E07000130,Charnwood,,E92000001E07000130,Charnwood,279256968.800
E07000113,Swale,,E92000001E07000113,Swale,422033437.500
95SS,Lisburn,,N9200000295SS,Lisburn,446663926.500
E06000040,Windsor and Maidenhead,,E92000001E06000040,Windsor and Maidenhead,198552343.900
E07000038,North East Derbyshire,,E92000001E07000038,North East Derbyshire,275810373.000
E08000028,Sandwell,,E92000001E08000028,Sandwell,85635257.060
E06000029,Poole,,E92000001E06000029,Poole,74790720.260
E07000145,Great Yarmouth,,E92000001E07000145,Great Yarmouth,182425054.300
E07000129,Blaby,,E92000001E07000129,Blaby,130561763.000
E07000124,Ribble Valley,,E92000001E07000124,Ribble Valley,584921936.700
95AA,Antrim,,N9200000295AA,Antrim,576672484.400
E06000032,Luton,,E92000001E06000032,Luton,43374962.460
E07000175,Newark and Sherwood,,E92000001E07000175,Newark and Sherwood,652249134.400
E07000064,Rother,,E92000001E07000064,Rother,518284735.400
E08000021,Newcastle upon Tyne,,E92000001E08000021,Newcastle upon Tyne,115194188.000
E07000237,Worcester,,E92000001E07000237,Worcester,33304506.000
E07000179,South Oxfordshire,,E92000001E07000179,South Oxfordshire,679005984.700
95II,Castlereagh,,N9200000295II,Castlereagh,85095090.240
E07000149,South Norfolk,,E92000001E07000149,South Norfolk,908526784.800
E07000187,Mendip,,E92000001E07000187,Mendip,739997523.500
S12000035,Argyll & Bute,,S92000003S12000035,Argyll & Bute,7160992283.000
E07000077,Uttlesford,,E92000001E07000077,Uttlesford,641306278.500
95GG,Belfast,,N9200000295GG,Belfast,114826497.700
S12000028,South Ayrshire,,S92000003S12000028,South Ayrshire,1234817815.000
E07000011,Huntingdonshire,,E92000001E07000011,Huntingdonshire,912947901.000
E07000083,Tewkesbury,,E92000001E07000083,Tewkesbury,415302888.300
E07000127,West Lancashire,,E92000001E07000127,West Lancashire,381372297.200
E06000005,Darlington,,E92000001E06000005,Darlington,197628355.700
E07000008,Cambridge,,E92000001E07000008,Cambridge,40709900.050
E07000078,Cheltenham,,E92000001E07000078,Cheltenham,46650190.200
E07000036,Erewash,,E92000001E07000036,Erewash,109711605.600
E06000037,West Berkshire,,E92000001E06000037,West Berkshire,704688868.100
E07000045,Teignbridge,,E92000001E07000045,Teignbridge,681323542.400
E06000044,Portsmouth,,E92000001E06000044,Portsmouth,60232785.960
E09000021,Kingston upon Thames,,E92000001E09000021,Kingston upon Thames,37264039.090
E08000003,Manchester,,E92000001E08000003,Manchester,115737192.600
E08000011,Knowsley,,E92000001E08000011,Knowsley,86531894.060
E08000023,South Tyneside,,E92000001E08000023,South Tyneside,67197631.930
95OO,Dungannon,,N9200000295OO,Dungannon,783496243.200
E07000068,Brentwood,,E92000001E07000068,Brentwood,153143496.400
S12000027,Shetland Islands,,S92000003S12000027,Shetland Islands,1657837256.000
E07000080,Forest of Dean,,E92000001E07000080,Forest of Dean,562022104.300
W06000008,Ceredigion,Ceredigion,W92000004W06000008,Ceredigion,1806424512.000
E07000224,Arun,,E92000001E07000224,Arun,227822338.900
E07000225,Chichester,,E92000001E07000225,Chichester,814560387.300
E07000111,Sevenoaks,,E92000001E07000111,Sevenoaks,370422859.700
E07000193,East Staffordshire,,E92000001E07000193,East Staffordshire,390311255.700
E06000021,Stoke-on-Trent,,E92000001E06000021,Stoke-on-Trent,93522832.650
E07000004,Aylesbury Vale,,E92000001E07000004,Aylesbury Vale,903341273.900
E09000032,Wandsworth,,E92000001E09000032,Wandsworth,35234324.850
E07000140,South Holland,,E92000001E07000140,South Holland,821341931.900
E07000031,South Lakeland,,E92000001E07000031,South Lakeland,1744189641.000
W06000020,Torfaen,Tor-faen,W92000004W06000020,Torfaen,126259911.700
E07000114,Thanet,,E92000001E07000114,Thanet,112268892.400
E07000134,North West Leicestershire,,E92000001E07000134,North West Leicestershire,279539456.300
95LL,Craigavon,,N9200000295LL,Craigavon,378318444.000
E08000001,Bolton,,E92000001E08000001,Bolton,139910711.200
E07000200,Babergh,,E92000001E07000200,Babergh,611926296.900
E09000003,Barnet,,E92000001E09000003,Barnet,86772839.730
E07000194,Lichfield,,E92000001E07000194,Lichfield,331558941.000
E07000118,Chorley,,E92000001E07000118,Chorley,203058530.500
S12000005,Clackmannanshire,,S92000003S12000005,Clackmannanshire,164004815.600
E07000102,Three Rivers,,E92000001E07000102,Three Rivers,88859433.520
95PP,Fermanagh,,N9200000295PP,Fermanagh,1875751543.000
95WW,Newtownabbey,,N9200000295WW,Newtownabbey,150499675.800
S12000044,North Lanarkshire,,S92000003S12000044,North Lanarkshire,472423793.700
E07000150,Corby,,E92000001E07000150,Corby,80331529.690
E09000026,Redbridge,,E92000001E09000026,Redbridge,56450688.740
E06000015,Derby,,E92000001E06000015,Derby,78090778.000
E07000040,East Devon,,E92000001E07000040,East Devon,824236687.500
E07000170,Ashfield,,E92000001E07000170,Ashfield,109638447.900
E07000096,Dacorum,,E92000001E07000096,Dacorum,212592985.500
E07000165,Harrogate,,E92000001E07000165,Harrogate,1310143453.000
E07000107,Dartford,,E92000001E07000107,Dartford,76329249.670
E07000122,Pendle,,E92000001E07000122,Pendle,169497737.900
E09000022,Lambeth,,E92000001E09000022,Lambeth,27263173.300
E07000207,Elmbridge,,E92000001E07000207,Elmbridge,96389853.920
E07000032,Amber Valley,,E92000001E07000032,Amber Valley,265588303.700
E06000007,Warrington,,E92000001E06000007,Warrington,182517834.400
E07000092,Rushmoor,,E92000001E07000092,Rushmoor,39068916.400
E07000223,Adur,,E92000001E07000223,Adur,43577286.680
95BB,Ards,,N9200000295BB,Ards,377989381.900
E07000176,Rushcliffe,,E92000001E07000176,Rushcliffe,409519767.600
E07000144,Broadland,,E92000001E07000144,Broadland,552999573.100
E07000236,Redditch,,E92000001E07000236,Redditch,54293549.830
E09000012,Hackney,,E92000001E09000012,Hackney,19070911.570
E08000027,Dudley,,E92000001E08000027,Dudley,98035485.860
E07000238,Wychavon,,E92000001E07000238,Wychavon,664070253.000
E07000053,Weymouth and Portland,,E92000001E07000053,Weymouth and Portland,42956588.010
E09000014,Haringey,,E92000001E09000014,Haringey,29600165.030
S12000033,Aberdeen City,,S92000003S12000033,Aberdeen City,205773679.700
S12000042,Dundee City,,S92000003S12000042,Dundee City,62270124.570
E07000073,Harlow,,E92000001E07000073,Harlow,30546437.850
E06000050,Cheshire West and Chester,,E92000001E06000050,Cheshire West and Chester,941854995.000
W06000018,Caerphilly,Caerffili,W92000004W06000018,Caerphilly,277624627.700
E06000019,"Herefordshire, County of",,E92000001E06000019,"Herefordshire, County of",2181324078.000
E09000031,Waltham Forest,,E92000001E09000031,Waltham Forest,38828061.260
E07000085,East Hampshire,,E92000001E07000085,East Hampshire,514783692.600
E09000007,Camden,,E92000001E09000007,Camden,21804708.310
E07000152,East Northamptonshire,,E92000001E07000152,East Northamptonshire,510068363.100
E07000212,Runnymede,,E92000001E07000212,Runnymede,78085813.140
W06000004,Denbighshire,Sir Ddinbych,W92000004W06000004,Denbighshire,846791153.500
E09000030,Tower Hamlets,,E92000001E09000030,Tower Hamlets,21573786.930
E07000071,Colchester,,E92000001E07000071,Colchester,346658984.900
E06000010,"Kingston upon Hull, City of",,E92000001E06000010,"Kingston upon Hull, City of",81537606.830
E07000098,Hertsmere,,E92000001E07000098,Hertsmere,101206252.000
E08000032,Bradford,,E92000001E08000032,Bradford,366709000.600
E09000018,Hounslow,,E92000001E09000018,Hounslow,56621767.650
95YY,Omagh,,N9200000295YY,Omagh,1130370480.000
E09000005,Brent,,E92000001E09000005,Brent,43254432.170
E07000180,Vale of White Horse,,E92000001E07000180,Vale of White Horse,579070845.900
E08000006,Salford,,E92000001E08000006,Salford,97265710.040
S12000020,Moray,,S92000003S12000020,Moray,2258544117.000
E07000110,Maidstone,,E92000001E07000110,Maidstone,393350049.300
E07000204,St Edmundsbury,,E92000001E07000204,St Edmundsbury,656948937.700
E09000015,Harrow,,E92000001E09000015,Harrow,50493476.630
E07000074,Maldon,,E92000001E07000074,Maldon,426551965.800
E07000211,Reigate and Banstead,,E92000001E07000211,Reigate and Banstead,129185458.500
E08000033,Calderdale,,E92000001E08000033,Calderdale,364212766.000
E07000027,Barrow-in-Furness,,E92000001E07000027,Barrow-in-Furness,132148957.700
E07000164,Hambleton,,E92000001E07000164,Hambleton,1312222762.000
E07000146,King's Lynn and West Norfolk,,E92000001E07000146,King's Lynn and West Norfolk,1513163746.000
E07000136,Boston,,E92000001E07000136,Boston,397835178.400
E07000094,Winchester,,E92000001E07000094,Winchester,661549164.400
E09000013,Hammersmith and Fulham,,E92000001E09000013,Hammersmith and Fulham,17168275.440
E06000012,North East Lincolnshire,,E92000001E06000012,North East Lincolnshire,203627467.000
S12000011,East Renfrewshire,,S92000003S12000011,East Renfrewshire,174286469.200
E08000004,Oldham,,E92000001E08000004,Oldham,142478195.200
E06000041,Wokingham,,E92000001E06000041,Wokingham,179095355.700
E08000036,Wakefield,,E92000001E08000036,Wakefield,338868845.400
W06000021,Monmouthshire,Sir Fynwy,W92000004W06000021,Monmouthshire,886243843.100
E08000029,Solihull,,E92000001E08000029,Solihull,178428597.900
E07000043,North Devon,,E92000001E07000043,North Devon,1105997633.000
E08000014,Sefton,,E92000001E08000014,Sefton,204915573.900
E06000049,Cheshire East,,E92000001E06000049,Cheshire East,1167286764.000
E07000171,Bassetlaw,,E92000001E07000171,Bassetlaw,639990058.200
E07000239,Wyre Forest,,E92000001E07000239,Wyre Forest,195559808.600
E08000013,St. Helens,,E92000001E08000013,St. Helens,136482435.000
E07000116,Tunbridge Wells,,E92000001E07000116,Tunbridge Wells,331356262.700
S12000014,Falkirk,,S92000003S12000014,Falkirk,315086054.700
E06000026,Plymouth,,E92000001E06000026,Plymouth,84262711.320
E06000031,Peterborough,,E92000001E06000031,Peterborough,343592907.300
E07000181,West Oxfordshire,,E92000001E07000181,West Oxfordshire,714948299.100
E08000035,Leeds,,E92000001E08000035,Leeds,552149960.400
S12000036,"Edinburgh, City of",,S92000003S12000036,"Edinburgh, City of",273218623.800
S12000029,South Lanarkshire,,S92000003S12000029,South Lanarkshire,1774894113.000
E07000051,Purbeck,,E92000001E07000051,Purbeck,427923552.300
E07000005,Chiltern,,E92000001E07000005,Chiltern,196461422.700
E09000008,Croydon,,E92000001E09000008,Croydon,86550481.700
W06000014,The Vale of Glamorgan,Bro Morgannwg,W92000004W06000014,The Vale of Glamorgan,339949590.400
E07000039,South Derbyshire,,E92000001E07000039,South Derbyshire,338383095.600
E07000155,South Northamptonshire,,E92000001E07000155,South Northamptonshire,634455377.800
E06000042,Milton Keynes,,E92000001E06000042,Milton Keynes,308815161.900
E06000002,Middlesbrough,,E92000001E06000002,Middlesbrough,54599606.990
S12000008,East Ayrshire,,S92000003S12000008,East Ayrshire,1270681468.000
95VV,Newry and Mourne,,N9200000295VV,Newry and Mourne,902142496.900
S12000041,Angus,,S92000003S12000041,Angus,2205814338.000
E07000006,South Bucks,,E92000001E07000006,South Bucks,141354471.600
E07000044,South Hams,,E92000001E07000044,South Hams,905579258.200
E07000007,Wycombe,,E92000001E07000007,Wycombe,324777026.200
E07000069,Castle Point,,E92000001E07000069,Castle Point,63175751.110
E07000228,Mid Sussex,,E92000001E07000228,Mid Sussex,334148783.900
E07000009,East Cambridgeshire,,E92000001E07000009,East Cambridgeshire,651843738.700
E07000206,Waveney,,E92000001E07000206,Waveney,375147224.500
E06000043,Brighton and Hove,,E92000001E06000043,Brighton and Hove,85408414.250
E07000163,Craven,,E92000001E07000163,Craven,1179740096.000
S12000021,North Ayrshire,,S92000003S12000021,North Ayrshire,903837787.700
E08000016,Barnsley,,E92000001E08000016,Barnsley,329306221.800
E07000100,St Albans,,E92000001E07000100,St Albans,161252405.500
E07000178,Oxford,,E92000001E07000178,Oxford,45628260.250
E07000076,Tendring,,E92000001E07000076,Tendring,365493621.500
E07000215,Tandridge,,E92000001E07000215,Tandridge,248273993.500
E07000135,Oadby and Wigston,,E92000001E07000135,Oadby and Wigston,23539692.150
E07000067,Braintree,,E92000001E07000067,Braintree,611719129.500
E08000012,Liverpool,,E92000001E08000012,Liverpool,133636633.600
E07000091,New Forest,,E92000001E07000091,New Forest,778242134.700
E08000019,Sheffield,,E92000001E08000019,Sheffield,368235023.900
E08000015,Wirral,,E92000001E08000015,Wirral,255201939.800
E06000028,Bournemouth,,E92000001E06000028,Bournemouth,47165917.500
E07000028,Carlisle,,E92000001E07000028,Carlisle,1053711199.000
E07000235,Malvern Hills,,E92000001E07000235,Malvern Hills,577523251.500
E07000123,Preston,,E92000001E07000123,Preston,143051413.400
E07000139,North Kesteven,,E92000001E07000139,North Kesteven,922930922.600
S12000017,Highland,,S92000003S12000017,Highland,26486245104.000
W06000009,Pembrokeshire,Sir Benfro,W92000004W06000009,Pembrokeshire,1649910821.000
E07000167,Ryedale,,E92000001E07000167,Ryedale,1507582479.000
E06000022,Bath and North East Somerset,,E92000001E06000022,Bath and North East Somerset,351393219.500
E07000192,Cannock Chase,,E92000001E07000192,Cannock Chase,78943857.980
E07000061,Eastbourne,,E92000001E07000061,Eastbourne,45518128.870
E07000172,Broxtowe,,E92000001E07000172,Broxtowe,80157741.530
E07000202,Ipswich,,E92000001E07000202,Ipswich,40285684.370
E07000154,Northampton,,E92000001E07000154,Northampton,80814976.640
E07000214,Surrey Heath,,E92000001E07000214,Surrey Heath,95149080.310
E07000086,Eastleigh,,E92000001E07000086,Eastleigh,85346213.250
E07000147,North Norfolk,,E92000001E07000147,North Norfolk,994287086.400
E08000025,Birmingham,,E92000001E08000025,Birmingham,268001023.700
E07000049,East Dorset,,E92000001E07000049,East Dorset,354647864.900
E07000046,Torridge,,E92000001E07000046,Torridge,996091209.400
E06000004,Stockton-on-Tees,,E92000001E06000004,Stockton-on-Tees,209900625.900
S12000024,Perth & Kinross,,S92000003S12000024,Perth & Kinross,5421506475.000
E07000169,Selby,,E92000001E07000169,Selby,602655886.900
